ÝÙ_6êÂ;ÝÙ_04êÂ
C-3001-P1;
C-3001-P1S;
C-3001A-P1;
C-3001A-P1S;
C-3001A-P2;
C-3001S-P1;
C-3001S-P1S;
C-3001S-P2;
Ð-3001A;
Ð-3001S;
Ð-3003A;
Ð-3003S;
Ð-3004A;
Ð-3004S;
Ð-3005A;
Ð-3005S;
Ð-3006A;
Ð-3006S;
Ð-3007A;
Ð-3007S;
Ð-3009AX;
Ð-3010AX;
Ð-3012A;
Ð-3012S;
Ð-3013A;
Ð-3013S;
Ð-3017A;
Ð-3017S;
Ð-3020;
Ð-3021;
Ð-3022A;
P-3024A;
P-3024S;
Ð-3025;
Ð-3026;
Ð-3027;
Ð-3029A;
Ð-3029S;
Ð-3032A;
Ð-3032S;
Ð-3033A;
Ð-3033S;
Ì_P_3002A;
Ì_P_3002S;
Ì_C-3001A;
Ì_C-3001S;
A-3001A_Ì1;
A-3001A_Ì2;
A-3001B_Ì1;
A-3001B_Ì2;
A-3001Ñ_Ì1;
A-3001Ñ_Ì2;
A-3003_Ì1;
A-3003_Ì2;
A-3005_Ì1;
A-3005_Ì2;
C-3002A;
C-3002B;
C-3003A;
HV-078;
XV-002;
XV-023;
XV-030;
XV-059;
XV-085;
XV-086;
XV-087;
XV-089;
XV-093;
XV-094;
XV-096;
XV-300;
