Мастер;Модель
Клап;Клапан
Задвижка;Задвижка
Sensor;Датчик
Коллектор;Коллектор
ППК;ППК
EXIT;IO
Переход2;IO
Дренаж;Дренаж
Клапан_обратный;Обратный клапан
Канализация;IO
Атмосфера;IO
Отсекатель_НЗ;Клапан
Клап_НЗ;Клапан
Теплообменник;Теплообменник
Клапан_НЗ;Клапан
Угловой рег клапан;Клапан
3х ходовая задвижка;Задвижка 3х
Клапан;Клапан
Насос;Насос
Отсекатель НО;Клапан
Э_задвижка;Клапан
АВГ;Мотор
ППК_2х;ППК2
Конденсатоотводчик;КО
Клапан_НО;Клапан
Задвижка_клиновая;Задвижка
Фильтр;Универсал
Клапан_запорный;Клапан
Заглушка_НЗ;Заглушка
Отсекатель;Отсекатель
Заглушка_НО;Заглушка
REG;REG
Переход;IO
Датчик_по_месту;МД
Дроссельная шайба;Универсал
Клапан_FL;Клапан
Теплообменник2;Теплообменник
Фильтр сетчатый;Фильтр
Задвижка_клиновая_концевая;Задвижка
DAT;Датчик
Обрат. клапан;Обратный клапан
Шаровая задвижка;Задвижка
Поршень_клапан;Клапан
угловой клапан;Задвижка
Клап.40;Отсекатель
Клапан_обратный.38;Обратный клапан
Задвижка с заглушкой_НЗ;Задвижка с заглушкой
Задвижка с заглушкой_НЗ;Задвижка с заглушкой
Клапан1;Клапан
RO;Универсал
эл.задв;Клапан
Погружной насос;Насос
Обратный клапан;Обратный клапан
Насос.12;Насос
Гидроредуктор;Редуктор
Поршень_затвор;Отсекатель
