лНДЕКЭ;нАЗЕЙР;яНУПЮМЕМХЕ
ControlBuilderH5xx_Client;VSB;Save
AlarmsHW5xx_Client;AlarmsHW;
QuickBuilderH5xx_Client;пяс_QB_QBDB;Save
AlarmsQBbridge2HW5xx_Client;AlarmsQB;
#SafetyManagerH5xx_Client;пяс_SMH_ESD_001_1;
#SafetyManagerH5xx_Client;пяс_SMH_ESD_001_2;
#SafetyManagerH5xx_Client;пяс_SMH_ESD_001_3;
#SafetyManagerH5xx_Client;пяс_SMH_ESD_001_4;
#SafetyManagerH5xx_Client;пяс_SMH_ESD_001_5;
#SafetyManagerH5xx_Client;пяс_SMH_ESD_001_6;
#SafetyManagerH5xx_Client;пяс_SMH_ESD_001_7;
#SafetyManagerH5xx_Client;пяс_SMH_ESD_001_8;
#SafetyManagerH5xx_Client;пяс_SMH_ESD_002_1;
#SafetyManagerH5xx_Client;пяс_SMH_ESD_101_1;
#SafetyManagerH5xx_Client;пяс_SMH_ESD_101_2;
SafetyManagerH5xx_Client;пяс_SMH_ESD_301_1;Save
#SafetyManagerH5xx_Client;пяс_SMH_ESD_411_1;
#SafetyManagerH5xx_Client;пяс_SMH_ESD_411_2;
#SafetyManagerH5xx_Client;пяс_SMH_ESD_431_1;
#SafetyManagerH5xx_Client;пяс_SMH_ESD_511_1;
#SafetyManagerH5xx_Client;пяс_SMH_ESD_551_1;
#SafetyManagerH5xx_Client;пяс_SMH_ESD_861_1;
#SafetyManagerH5xx_Client;пяс_SMH_ESD_911_1;
#SafetyManagerH5xx_Client;пяс_SMH_ESD_912_1;
#SafetyManagerH5xx_Client;пяс_SMH_ESD_931_1;
#SafetyManagerH5xx_Client;пяс_SMH_ESD_932_1;
#SafetyManagerH5xx_Client;пяс_SMH_FGS_001_1;
#SafetyManagerH5xx_Client;пяс_SMH_FGS_001_2;
#SafetyManagerH5xx_Client;пяс_SMH_FGS_001_3;
#SafetyManagerH5xx_Client;пяс_SMH_FGS_001_4;
#SafetyManagerH5xx_Client;пяс_SMH_FGS_002_1;
#SafetyManagerH5xx_Client;пяс_SMH_FGS_101_1;
SafetyManagerH5xx_Client;пяс_SMH_FGS_301_1;Save
#SafetyManagerH5xx_Client;пяс_SMH_FGS_411_1;
#SafetyManagerH5xx_Client;пяс_SMH_FGS_431_1;
#SafetyManagerH5xx_Client;пяс_SMH_FGS_511_1;
#SafetyManagerH5xx_Client;пяс_SMH_FGS_551_1;
#SafetyManagerH5xx_Client;пяс_SMH_FGS_861_1;
#SafetyManagerH5xx_Client;пяс_SMH_FGS_911_1;
#SafetyManagerH5xx_Client;пяс_SMH_FGS_912_1;
#SafetyManagerH5xx_Client;пяс_SMH_FGS_931_1;
#SafetyManagerH5xx_Client;пяс_SMH_FGS_932_1;
FlexRsu_Client;пяс_FLEXRSU_prj1;
#FlexRsuAlarms_Client;FlexAlarm;
TrendsRSU_Client;Trends;
OGCtrl(OG);гЮЦЮГНБЮММНЯРЭ  ;
Script(PROJECT);яЙПХОР;
