[_PG-882A];[МД];
[_PG-882B];[МД];
[_PG-882D];[МД];
[_PG-882E];[МД];
[_PG-882С];[МД];
[_TG-881A];[МД];
[_TG-881B];[МД];
[C-3001S_Маслосистема_Атм_697];[Атмосфера];[i];
[C-3001S_Маслосистема_Атм_897];[Атмосфера];[i];
[C-3001S_Маслосистема_ДЗ_489];[Дисковый_затвор];[i];[o];
[C-3001S_Маслосистема_ДЗ_528];[Дисковый_затвор];[i];[o];
[C-3001S_Маслосистема_ДЗ_577];[Дисковый_затвор];[i];[o];
[C-3001S_Маслосистема_ДР_174];[Дренаж];[i];
[C-3001S_Маслосистема_ДР_472];[Дренаж];[i];
[C-3001S_Маслосистема_ДР_620];[Дренаж];[i];
[C-3001S_Маслосистема_ДР_653];[Дренаж];[i];
[C-3001S_Маслосистема_ДР_658];[Дренаж];[i];
[C-3001S_Маслосистема_ДР_705];[Дренаж];[i];
[C-3001S_Маслосистема_ДР_716];[Дренаж];[i];
[C-3001S_Маслосистема_ДР_725];[Дренаж];[i];
[C-3001S_Маслосистема_ДР_842];[Дренаж];[i];
[C-3001S_Маслосистема_ДР_847];[Дренаж];[i];
[C-3001S_Маслосистема_ДР_885];[Дренаж];[i];
[C-3001S_Маслосистема_ДР_890];[Дренаж];[i];
[C-3001S_Маслосистема_ЗАГЛ_591];[Заглушка];[i];[o];
[C-3001S_Маслосистема_ЗКЛ_145];[Проходной_кран];[o];[i];
[C-3001S_Маслосистема_ЗКЛ_467];[Проходной_кран];[i];[o];
[C-3001S_Маслосистема_ЗКЛ_628];[Трехходовой_кран];[i];[o2];[o1];
[C-3001S_Маслосистема_ЗКЛ_665];[Трехходовой_кран];[i1];[o];[i2];
[C-3001S_Маслосистема_ЗКЛ_674];[Трехходовой_кран];[i];[o2];[o1];
[C-3001S_Маслосистема_ЗКЛ_776];[Трехходовой_кран];[i2];[o];[i1];
[C-3001S_Маслосистема_ЗКЛ_932];[Проходной_кран];[i];[o];
[C-3001S_Маслосистема_ЗКЛ_936];[Проходной_кран];[o];[i];
[C-3001S_Маслосистема_ЗКЛ_946];[Проходной_кран];[i];[o];
[C-3001S_Маслосистема_ЗКЛ_950];[Проходной_кран];[o];[i];
[C-3001S_Маслосистема_ОК_523];[Обратный_клапан];[i];[o];
[C-3001S_Маслосистема_ОК_572];[Обратный_клапан];[i];[o];
[C-3001S_Маслосистема_Ф_296];[Фильтр];[i];[o];
[C-3001S_Маслосистема_Ф_302];[Фильтр];[i];[o];
[C-3001S_Маслосистема_Ф_309];[Фильтр];[i];[o];
[C-3001S_Маслосистема_Ф_315];[Фильтр];[i];[o];
[C-3001S_Маслосистема_Ф_321];[Фильтр];[i];[o];
[C-3001S_Маслосистема_Ф_351];[Фильтр_сетчатый];[i];[o];
[C-3001S_Маслосистема_Ф_478];[Фильтр_сетчатый];[i];[o];
[C-3001S-E1];[Теплообменник];[i_tube];[o_tube];[i_shell];[o_shell];
[C-3001S-E1S];[Теплообменник];[i_shell];[i_tube];[o_shell];[o_tube];
[C-3001S-P1];[Насос_шестеренчатый];[i];[o];
[C-3001S-P1S];[Насос_шестеренчатый];[i];[o];
[C-3001S-P2];[Насос_поршневой];[o];[i];
[C-3001S-S1];[Фильтр_сетчатый];[i];[o];
[C-3001S-S1S];[Фильтр_сетчатый];[i];[o];
[C-3001S-V7];[Емкость];[top_1];[bot_2];[top_2];[bot_1];
[C-3001S-МС];[Охлаждение];[out_cool];[in_cool];
[F879];[Датчик];[1];[2];
[LCP_C3001S_H1];[Вызов_пульта];
[LCP_C3001S_H2];[Вызов_пульта];
[LG_C-3001S-V7];[Уровень];
[LG_МБ_C-3001S];[Уровень];
[P883A];[Датчик];[20];[21];
[P883D];[Датчик];[3];[4];
[P883E];[Датчик];[25];[26];
[P883С];[Датчик];[7];[8];
[PCV-884];[Редуктор];[i];[o];
[PD881];[Датчик];[15];[17];
[PG-882A];[Датчик];[18];[19];
[PG-882B];[Датчик];[11];[12];
[PG-882D];[Датчик];[5];[6];
[PG-882E];[Датчик];[13];[24];
[PG-882С];[Датчик];[9];[10];
[PSV-885];[Предохранительный_клапан];[o];[i];
[PSV-886];[Предохранительный_клапан];[i];[o];
[PSV-981];[Предохранительный_клапан];[i];[o];
[PSV-982];[Предохранительный_клапан];[i];[o];
[T884A];[Датчик];[16];[23];
[TCV-882];[Термостат];[i2];[o];[i1];
[TG-881A];[Датчик];[27];[28];
[TG-881B];[Датчик];[14];[22];
[Заполнение маслом маслобака С-3001S];[IO];[o];
[Масло от цилиндров C-3001S];[IO];[i];
[МБ_C-3001S];[Емкость];[top_1];[bot_2];[bot_1];[top_2];
[Охлаждающая вода к системе смазки C-3001S];[IO];[o];
[Охлаждающая вода от системы смазки C-3001S];[IO];[i];
[Ц-1-С-3001S];[Поршневой_компрессор];
[Ц-2-С-3001S];[Поршневой_компрессор];
##########;
[C-3001S_Маслосистема_171];[C-3001S_Маслосистема_ЗКЛ_145][o];[C-3001S-V7][top_1];
[C-3001S_Маслосистема_179];[C-3001S-V7][bot_2];[C-3001S_Маслосистема_ДР_174][i];
[C-3001S_Маслосистема_211];[C-3001S_Маслосистема_Ф_321][i];[C-3001S-P2][o];[C-3001S_Маслосистема_Ф_296][i];[C-3001S_Маслосистема_Ф_302][i];[C-3001S_Маслосистема_Ф_309][i];[C-3001S_Маслосистема_Ф_315][i];
[C-3001S_Маслосистема_219];[F879][1];[C-3001S-V7][top_2];
[C-3001S_Маслосистема_228];[Масло от цилиндров C-3001S][i];[C-3001S_Маслосистема_Ф_296][o];[C-3001S_Маслосистема_Ф_302][o];[C-3001S_Маслосистема_Ф_309][o];[C-3001S_Маслосистема_Ф_315][o];
[C-3001S_Маслосистема_295];[C-3001S_Маслосистема_Ф_321][o];[F879][2];
[C-3001S_Маслосистема_355];[C-3001S-V7][bot_1];[C-3001S_Маслосистема_Ф_351][i];
[C-3001S_Маслосистема_356];[C-3001S_Маслосистема_Ф_351][o];[C-3001S-P2][i];
[C-3001S_Маслосистема_465];[C-3001S_Маслосистема_ЗКЛ_467][i];[C-3001S_Маслосистема_ЗКЛ_145][i];[Заполнение маслом маслобака С-3001S][o];
[C-3001S_Маслосистема_471];[C-3001S_Маслосистема_ЗКЛ_467][o];[МБ_C-3001S][top_1];
[C-3001S_Маслосистема_477];[МБ_C-3001S][bot_2];[C-3001S_Маслосистема_ДР_472][i];
[C-3001S_Маслосистема_482];[МБ_C-3001S][bot_1];[C-3001S_Маслосистема_Ф_478][i];
[C-3001S_Маслосистема_488];[C-3001S_Маслосистема_Ф_478][o];[C-3001S_Маслосистема_ДЗ_489][i];[C-3001S-P1][i];
[C-3001S_Маслосистема_501];[C-3001S_Маслосистема_ДЗ_489][o];[C-3001S-P1S][i];
[C-3001S_Маслосистема_535];[C-3001S-P1S][o];[PSV-982][i];[P883D][3];
[C-3001S_Маслосистема_541];[P883D][4];[PG-882D][5];
[C-3001S_Маслосистема_542];[PG-882D][6];[C-3001S_Маслосистема_ОК_523][i];
[C-3001S_Маслосистема_543];[C-3001S_Маслосистема_ОК_523][o];[C-3001S_Маслосистема_ДЗ_528][i];
[C-3001S_Маслосистема_584];[PSV-981][i];[P883С][7];[C-3001S_Маслосистема_ЗАГЛ_591][i];[C-3001S-P1][o];
[C-3001S_Маслосистема_586];[P883С][8];[PG-882С][9];
[C-3001S_Маслосистема_587];[PG-882С][10];[C-3001S_Маслосистема_ОК_572][i];
[C-3001S_Маслосистема_588];[C-3001S_Маслосистема_ОК_572][o];[C-3001S_Маслосистема_ДЗ_577][i];
[C-3001S_Маслосистема_597];[C-3001S_Маслосистема_ДЗ_577][o];[C-3001S_Маслосистема_ДЗ_528][o];[C-3001S_Маслосистема_ЗАГЛ_591][o];[PG-882B][11];
[C-3001S_Маслосистема_607];[PSV-982][o];[PSV-981][o];[C-3001S-МС][out_cool];[МБ_C-3001S][top_2];
[C-3001S_Маслосистема_626];[C-3001S_Маслосистема_ДР_620][i];[C-3001S_Маслосистема_ЗКЛ_628][i];[PG-882B][12];[TCV-882][i2];
[C-3001S_Маслосистема_638];[C-3001S-E1][i_tube];[C-3001S_Маслосистема_ЗКЛ_628][o2];[C-3001S_Маслосистема_ДР_653][i];[C-3001S_Маслосистема_ДР_658][i];
[C-3001S_Маслосистема_669];[C-3001S-E1][o_tube];[C-3001S_Маслосистема_ЗКЛ_665][i1];
[C-3001S_Маслосистема_678];[Охлаждающая вода к системе смазки C-3001S][o];[C-3001S_Маслосистема_ЗКЛ_674][i];
[C-3001S_Маслосистема_682];[C-3001S_Маслосистема_ЗКЛ_674][o2];[C-3001S-E1][i_shell];[C-3001S_Маслосистема_ДР_716][i];[C-3001S_Маслосистема_ДР_705][i];
[C-3001S_Маслосистема_698];[PSV-885][o];[C-3001S_Маслосистема_Атм_697][i];
[C-3001S_Маслосистема_730];[C-3001S_Маслосистема_ЗКЛ_665][o];[C-3001S_Маслосистема_ДР_725][i];[PG-882E][13];
[C-3001S_Маслосистема_771];[TCV-882][o];[TG-881B][14];
[C-3001S_Маслосистема_774];[C-3001S-E1][o_shell];[C-3001S_Маслосистема_ЗКЛ_776][i2];[PSV-885][i];
[C-3001S_Маслосистема_781];[C-3001S_Маслосистема_ЗКЛ_776][o];[Охлаждающая вода от системы смазки C-3001S][i];
[C-3001S_Маслосистема_827];[C-3001S-E1S][i_shell];[C-3001S_Маслосистема_ЗКЛ_674][o1];[C-3001S_Маслосистема_ДР_890][i];[C-3001S_Маслосистема_ДР_885][i];
[C-3001S_Маслосистема_828];[C-3001S-E1S][i_tube];[C-3001S_Маслосистема_ЗКЛ_628][o1];[C-3001S_Маслосистема_ДР_842][i];[C-3001S_Маслосистема_ДР_847][i];
[C-3001S_Маслосистема_870];[C-3001S-E1S][o_shell];[PSV-886][i];[C-3001S_Маслосистема_ЗКЛ_776][i1];
[C-3001S_Маслосистема_896];[C-3001S-E1S][o_tube];[C-3001S_Маслосистема_ЗКЛ_665][i2];
[C-3001S_Маслосистема_898];[PSV-886][o];[C-3001S_Маслосистема_Атм_897][i];
[C-3001S_Маслосистема_917];[PD881][15];[T884A][16];[C-3001S_Маслосистема_ЗКЛ_932][i];[C-3001S_Маслосистема_ЗКЛ_946][i];
[C-3001S_Маслосистема_921];[PD881][17];[C-3001S_Маслосистема_ЗКЛ_936][o];[C-3001S_Маслосистема_ЗКЛ_950][o];[PG-882A][18];
[C-3001S_Маслосистема_955];[C-3001S_Маслосистема_ЗКЛ_932][o];[C-3001S-S1][i];
[C-3001S_Маслосистема_957];[C-3001S-S1][o];[C-3001S_Маслосистема_ЗКЛ_936][i];
[C-3001S_Маслосистема_962];[C-3001S_Маслосистема_ЗКЛ_946][o];[C-3001S-S1S][i];
[C-3001S_Маслосистема_971];[C-3001S-S1S][o];[C-3001S_Маслосистема_ЗКЛ_950][i];
[C-3001S_Маслосистема_988];[PG-882A][19];[P883A][20];
[C-3001S_Маслосистема_998];[P883A][21];[PCV-884][i];
[C-3001S_Маслосистема_1026];[TG-881B][22];[T884A][23];
[C-3001S_Маслосистема_1034];[PG-882E][24];[P883E][25];
[C-3001S_Маслосистема_1036];[P883E][26];[TG-881A][27];
[C-3001S_Маслосистема_1038];[TG-881A][28];[TCV-882][i1];
[C-3001S_Маслосистема_1041];[C-3001S-МС][in_cool];[PCV-884][o];
