[_FG-875D];[МД];
[_FG-875E];[МД];
[_FG-875С];[МД];
[_PG-875A];[МД];
[_PG-875B];[МД];
[_PG-875D];[МД];
[_PG-875E];[МД];
[_PG-875F];[МД];
[_PG-875G];[МД];
[_PG-875H];[МД];
[_PG-875J];[МД];
[_TG-875A];[МД];
[_TG-875B];[МД];
[C-3001S_Атм_12227];[Атмосфера];[i];
[C-3001S_ДР_11293];[Дренаж];[i];
[C-3001S_ДР_11333];[Дренаж];[i];
[C-3001S_ДР_11674];[Дренаж];[i];
[C-3001S_ДР_11680];[Дренаж];[i];
[C-3001S_ДР_11969];[Дренаж];[i];
[C-3001S_ДР_12043];[Дренаж];[i];
[C-3001S_ДР_12049];[Дренаж];[i];
[C-3001S_ДР_12736];[Дренаж];[i];
[C-3001S_ДР_12795];[Дренаж];[i];
[C-3001S_ДР_13048];[Дренаж];[i];
[C-3001S_ДР_13072];[Дренаж];[i];
[C-3001S_ЗАГЛ_11646];[Заглушка];[i];[o];
[C-3001S_ЗАГЛ_11652];[Заглушка];[i];[o];
[C-3001S_ЗАГЛ_11939];[Заглушка];[i];[o];
[C-3001S_ЗАГЛ_11946];[Заглушка];[i];[o];
[C-3001S_ЗАГЛ_11952];[Заглушка];[o];[i];
[C-3001S_ЗАГЛ_12135];[Заглушка];[i];[o];
[C-3001S_ЗАГЛ_12141];[Заглушка];[i];[o];
[C-3001S_ЗАГЛ_12147];[Заглушка];[o];[i];
[C-3001S_ЗАГЛ_13024];[Заглушка];[i];[o];
[C-3001S_ЗАГЛ_НО_12220];[Заглушка_НО];[i];[o];
[C-3001S_ЗКЛ_11315];[Проходной_кран];[o];[i];
[C-3001S_ЗКЛ_12254];[Проходной_кран];[i];[o];
[C-3001S_ЗКЛ_12337];[Проходной_кран];[i];[o];
[C-3001S_ЗКЛ_12433];[Проходной_кран];[i];[o];
[C-3001S_ЗКЛ_12650];[Проходной_кран];[i];[o];
[C-3001S_ЗКЛ_12657];[Проходной_кран];[i];[o];
[C-3001S_ЗКЛ_12679];[Проходной_кран];[o];[i];
[C-3001S_ЗКЛ_12954];[Проходной_кран];[i];[o];
[C-3001S_ЗКЛ_12959];[Проходной_кран];[o];[i];
[C-3001S_ЗКЛ_13010];[Проходной_кран];[o];[i];
[C-3001S_ЗКЛ_13016];[Проходной_кран];[i];[o];
[C-3001S_ЗКЛ_13020];[Проходной_кран];[o];[i];
[C-3001S_ЗКЛ_13054];[Проходной_кран];[i];[o];
[C-3001S_ЗКЛ_13059];[Проходной_кран];[o];[i];
[C-3001S_ЗКЛ_13078];[Проходной_кран];[i];[o];
[C-3001S_ЗКЛ_13083];[Проходной_кран];[o];[i];
[C-3001S_ЗКЛ_13088];[Проходной_кран];[i];[o];
[C-3001S_ЗКЛ_ЗАГЛ_НЗ_11414];[Задвижка_с_заглушкой_НЗ];[i];[o];
[C-3001S_ЗКЛ_ЗАГЛ_НЗ_12751];[Задвижка_с_заглушкой_НЗ];[o];[i];
[C-3001S_ЗКЛ_ЗАГЛ_НЗ_12900];[Задвижка_с_заглушкой_НЗ];[i];[o];
[C-3001S_ОК_11300];[Обратный_клапан];[o];[i];
[C-3001S_ОК_12212];[Обратный_клапан];[i];[o];
[C-3001S_ОК_12290];[Обратный_клапан];[i];[o];
[C-3001S_ОК_12381];[Обратный_клапан];[o];[i];
[C-3001S_ОК_12478];[Обратный_клапан];[o];[i];
[C-3001S_ОК_12544];[Обратный_клапан];[o];[i];
[C-3001S_ОК_12553];[Обратный_клапан];[o];[i];
[C-3001S_ОК_12564];[Обратный_клапан];[i];[o];
[C-3001S_ОК_12570];[Обратный_клапан];[o];[i];
[C-3001S_ОК_12604];[Обратный_клапан];[o];[i];
[C-3001S_ОК_12609];[Обратный_клапан];[o];[i];
[C-3001S_ОК_12616];[Обратный_клапан];[o];[i];
[C-3001S_ОК_13107];[Обратный_клапан];[o];[i];
[C-3001S_ОК_13120];[Обратный_клапан];[i];[o];
[C-3001S_Ф_12245];[Фильтр_сетчатый];[o];[i];
[C-3001S_ШК_11340];[Шаровой_кран];[o];[i];
[C-3001S_ШК_11433];[Шаровой_кран];[i];[o];
[C-3001S-МС];[Охлаждение];[i_motor];
[FG-875D];[Датчик];[31];[47];
[FG-875E];[Датчик];[25];[45];
[FG-875С];[Датчик];[30];[46];
[HV-042];[Поршень_клапан];[o];[i];
[HV-044];[Поршень_клапан];[i];[o];
[HV-046];[Поршень_клапан];[o];[i];
[LP_30_951];[Вызов_пульта];
[P065];[Датчик];[5];[6];
[P067];[Датчик];[7];[8];
[P877A];[Датчик];[32];[34];
[P877B];[Датчик];[36];[38];
[P877C];[Датчик];[28];[29];
[P888];[Датчик];[21];[22];
[PCV-876B];[Редуктор];[o];[i];
[PCV-876D];[Редуктор];[i];[o];
[PCV-876E];[Редуктор];[o];[i];
[PCV-876F];[Редуктор];[i];[o];
[PCV-876С];[Редуктор];[o];[i];
[PG-875A];[Датчик];[10];[11];
[PG-875B];[Датчик];[13];[16];
[PG-875D];[Датчик];[33];[35];
[PG-875E];[Датчик];[37];[39];
[PG-875F];[Датчик];[23];[43];
[PG-875G];[Датчик];[26];[27];
[PG-875H];[Датчик];[19];[20];
[PG-875J];[Датчик];[41];[42];
[PSV-975];[Предохранительный_клапан];[i];[o];
[PSV-976];[Предохранительный_клапан];[i];[o];
[PSV-977];[Предохранительный_клапан];[i];[o];
[PSV-978];[Предохранительный_клапан];[i];[o];
[PSV-979];[Предохранительный_клапан];[i];[o];
[T059];[Датчик];[4];[18];
[T153];[Датчик];[1];[3];
[T876A];[Датчик];[24];[49];
[T876B];[Датчик];[40];[50];
[T876C_E];[Датчик];[12];[44];
[T876D_F];[Датчик];[14];[48];
[TG-875A];[Датчик];[2];[9];
[TG-875B];[Датчик];[15];[17];
[Азот];[Коллектор];
[Азот];[Коллектор];[o_C-3001S_1];[o_C-3001S_3];
[Азот к С-3001S];[IO];[o];
[Возвратный поток от компрессора C-3001S];[IO];[i];
[Дренаж в V-3028];[Коллектор];[i_C-3001S_5];
[Изм_С-3001S];[Измеритель];[i_motor];
[Кислый газ к компрессору С-3001S от V-3005];[IO];[o];
[М_C-3001S];[Мотор];[o_motor];
[С-3001 S-V5];[Емкость];[top_1];[top_2];[bot_1];
[С-3001 S-V6];[Емкость];[top_1];[bot_1];[top_2];
[Сдувка инертного газа от ППК С-3001S];[IO];[i];
[Уплотн_С-3001S_1];[Универсал];[i];[o];
[Уплотн_С-3001S_2];[Универсал];[i];[o];
[Факельный углеводородный газ];[Коллектор];[i_C-3001S_2];[i_C-3001S_4];[i_C-3001S_6];[i_C-3001S_7];
[Факельный углеводородный газ];[Коллектор];
[Факельный углеводородный газ];[Коллектор];
[Факельный углеводородный газ];[Коллектор];
[Ц-1-С-3001S];[Поршневой_компрессор];[i];[o];[i_motor];
[Ц-2-С-3001S];[Поршневой_компрессор];[o];[i_motor];[i];
##########;
[C-3001S_11286];[T153][1];[PSV-975][i];[TG-875A][2];
[C-3001S_11289];[T153][3];[C-3001S_ЗКЛ_ЗАГЛ_НЗ_12900][i];[HV-042][o];
[C-3001S_11298];[C-3001S_ДР_11293][i];[C-3001S_ЗКЛ_ЗАГЛ_НЗ_12900][o];[C-3001S_ОК_11300][o];
[C-3001S_11319];[C-3001S_ЗКЛ_11315][o];[C-3001S_ОК_11300][i];
[C-3001S_11322];[Азот][o_C-3001S_1];[C-3001S_ЗКЛ_11315][i];
[C-3001S_11338];[C-3001S_ДР_11333][i];[C-3001S_ШК_11340][o];[HV-042][i];
[C-3001S_11350];[Кислый газ к компрессору С-3001S от V-3005][o];[C-3001S_ШК_11340][i];
[C-3001S_11369];[PSV-975][o];[Факельный углеводородный газ][i_C-3001S_2];
[C-3001S_11406];[T059][4];[P065][5];
[C-3001S_11409];[P065][6];[P067][7];
[C-3001S_11412];[P067][8];[C-3001S_ЗКЛ_ЗАГЛ_НЗ_11414][i];[C-3001S_ЗАГЛ_НО_12220][i];[C-3001S_ЗКЛ_13020][o];
[C-3001S_11425];[C-3001S_ЗКЛ_ЗАГЛ_НЗ_11414][o];[C-3001S_Атм_12227][i];
[C-3001S_11437];[HV-046][o];[C-3001S_ШК_11433][i];
[C-3001S_11440];[C-3001S_ШК_11433][o];[Возвратный поток от компрессора C-3001S][i];
[C-3001S_11642];[TG-875A][9];[PG-875A][10];
[C-3001S_11657];[C-3001S_ЗАГЛ_11652][i];[C-3001S_ЗАГЛ_11646][i];[PG-875A][11];
[C-3001S_11663];[C-3001S_ЗАГЛ_11652][o];[C-3001S_ДР_11680][i];[C-3001S_ЗАГЛ_11939][i];[C-3001S_ДР_11674][i];
[C-3001S_11945];[Ц-1-С-3001S][i];[C-3001S_ОК_13120][i];[C-3001S_ЗАГЛ_11939][o];
[C-3001S_11951];[Ц-1-С-3001S][o];[C-3001S_ОК_13120][o];[C-3001S_ЗАГЛ_11946][i];
[C-3001S_11967];[T876C_E][12];[C-3001S_ЗАГЛ_11946][o];[C-3001S_ДР_11969][i];
[C-3001S_11992];[C-3001S_ЗАГЛ_11952][o];[C-3001S_ЗАГЛ_12147][o];[PG-875B][13];
[C-3001S_12042];[C-3001S_ДР_12049][i];[C-3001S_ЗАГЛ_11646][o];[C-3001S_ДР_12043][i];[C-3001S_ЗАГЛ_12135][i];
[C-3001S_12146];[Ц-2-С-3001S][o];[C-3001S_ОК_13107][o];[C-3001S_ЗАГЛ_12141][i];
[C-3001S_12161];[T876D_F][14];[C-3001S_ЗАГЛ_12141][o];[C-3001S_ДР_12795][i];
[C-3001S_12180];[М_C-3001S][o_motor];[Изм_С-3001S][i_motor];[Ц-1-С-3001S][i_motor];[Ц-2-С-3001S][i_motor];[C-3001S-МС][i_motor];
[C-3001S_12208];[TG-875B][15];[PG-875B][16];
[C-3001S_12211];[PSV-976][i];[HV-044][i];[C-3001S_ОК_12212][i];[TG-875B][17];
[C-3001S_12219];[C-3001S_ОК_12212][o];[T059][18];
[C-3001S_12226];[C-3001S_ЗАГЛ_НО_12220][o];[HV-046][i];
[C-3001S_12238];[Азот][o_C-3001S_3];[C-3001S_ЗКЛ_13054][i];
[C-3001S_12249];[C-3001S_Ф_12245][o];[PCV-876F][i];
[C-3001S_12272];[PCV-876F][o];[PG-875H][19];
[C-3001S_12273];[PG-875H][20];[P888][21];
[C-3001S_12275];[P888][22];[C-3001S_ЗКЛ_12254][i];[C-3001S_ЗКЛ_12337][i];[C-3001S_ЗКЛ_12433][i];
[C-3001S_12277];[C-3001S_ЗКЛ_12254][o];[PCV-876D][i];
[C-3001S_12281];[PG-875F][23];[C-3001S_ОК_12544][o];[Уплотн_С-3001S_2][i];[C-3001S_ОК_12570][o];[C-3001S_ОК_12478][o];[C-3001S_ОК_12381][o];[Уплотн_С-3001S_1][i];
[C-3001S_12295];[C-3001S_ОК_12290][i];[T876A][24];[Уплотн_С-3001S_1][o];[C-3001S_ОК_12564][i];
[C-3001S_12298];[C-3001S_ОК_12290][o];[C-3001S_ОК_12616][o];[С-3001 S-V6][top_1];[C-3001S_ОК_12564][o];[C-3001S_ОК_12609][o];
[C-3001S_12356];[C-3001S_ЗКЛ_12337][o];[FG-875E][25];
[C-3001S_12357];[PCV-876E][o];[PG-875G][26];
[C-3001S_12373];[PG-875G][27];[P877C][28];
[C-3001S_12374];[P877C][29];[PSV-978][i];[C-3001S_ОК_12381][i];[C-3001S_ОК_12570][i];
[C-3001S_12452];[C-3001S_ЗКЛ_12433][o];[FG-875С][30];[FG-875D][31];
[C-3001S_12453];[PCV-876B][o];[P877A][32];
[C-3001S_12469];[PG-875D][33];[P877A][34];
[C-3001S_12483];[C-3001S_ОК_12478][i];[PG-875D][35];[PSV-977][i];
[C-3001S_12522];[PCV-876С][o];[P877B][36];
[C-3001S_12525];[PG-875E][37];[P877B][38];
[C-3001S_12528];[PG-875E][39];[PSV-979][i];[C-3001S_ОК_12544][i];
[C-3001S_12595];[Ц-2-С-3001S][i];[C-3001S_ОК_13107][i];[C-3001S_ЗАГЛ_12135][o];
[C-3001S_12614];[C-3001S_ОК_12609][i];[T876B][40];[C-3001S_ОК_12616][i];[Уплотн_С-3001S_2][o];
[C-3001S_12654];[С-3001 S-V6][bot_1];[C-3001S_ЗКЛ_12650][i];
[C-3001S_12662];[C-3001S_ЗКЛ_12650][o];[C-3001S_ЗКЛ_12657][i];[C-3001S_ЗКЛ_12679][o];
[C-3001S_12664];[C-3001S_ЗКЛ_12657][o];[C-3001S_ДР_12736][i];[C-3001S_ЗКЛ_ЗАГЛ_НЗ_12751][o];
[C-3001S_12667];[C-3001S_ОК_12553][o];[C-3001S_ОК_12604][o];[С-3001 S-V5][top_1];
[C-3001S_12678];[С-3001 S-V5][top_2];[PG-875J][41];
[C-3001S_12683];[С-3001 S-V5][bot_1];[C-3001S_ЗКЛ_12679][i];
[C-3001S_12690];[PG-875J][42];[C-3001S_ЗКЛ_12954][i];
[C-3001S_12698];[C-3001S_ЗКЛ_12959][o];[Факельный углеводородный газ][i_C-3001S_4];
[C-3001S_12709];[PSV-978][o];[PSV-977][o];[PSV-979][o];[Сдувка инертного газа от ППК С-3001S][i];
[C-3001S_12720];[PCV-876D][o];[PG-875F][43];
[C-3001S_12733];[T876C_E][44];[C-3001S_ЗАГЛ_11952][i];
[C-3001S_12764];[C-3001S_ЗКЛ_ЗАГЛ_НЗ_12751][i];[Дренаж в V-3028][i_C-3001S_5];
[C-3001S_12768];[PSV-976][o];[Факельный углеводородный газ][i_C-3001S_6];[C-3001S_ЗКЛ_13010][o];
[C-3001S_12774];[FG-875E][45];[PCV-876E][i];
[C-3001S_12781];[FG-875С][46];[PCV-876B][i];
[C-3001S_12788];[FG-875D][47];[PCV-876С][i];
[C-3001S_12800];[T876D_F][48];[C-3001S_ЗАГЛ_12147][i];
[C-3001S_12922];[C-3001S_ЗКЛ_13016][i];[C-3001S_ЗКЛ_13010][i];[HV-044][o];
[C-3001S_12958];[C-3001S_ЗКЛ_12954][o];[Факельный углеводородный газ][i_C-3001S_7];
[C-3001S_12963];[С-3001 S-V6][top_2];[C-3001S_ЗКЛ_12959][i];
[C-3001S_13029];[C-3001S_ЗКЛ_13016][o];[C-3001S_ЗАГЛ_13024][i];
[C-3001S_13030];[C-3001S_ЗКЛ_13020][i];[C-3001S_ЗАГЛ_13024][o];
[C-3001S_13040];[T876A][49];[C-3001S_ОК_12553][i];
[C-3001S_13043];[T876B][50];[C-3001S_ОК_12604][i];
[C-3001S_13044];[C-3001S_ЗКЛ_13078][i];[Азот к С-3001S][o];
[C-3001S_13045];[C-3001S_ЗКЛ_13083][o];[C-3001S_ЗКЛ_13059][o];[C-3001S_ЗКЛ_13088][i];
[C-3001S_13053];[C-3001S_ДР_13048][i];[C-3001S_ЗКЛ_13054][o];[C-3001S_ЗКЛ_13059][i];
[C-3001S_13077];[C-3001S_ДР_13072][i];[C-3001S_ЗКЛ_13078][o];[C-3001S_ЗКЛ_13083][i];
[C-3001S_13092];[C-3001S_ЗКЛ_13088][o];[C-3001S_Ф_12245][i];
