[_FG-776C];[МД];
[_FG-876C];[МД];
[_PG-179];[МД];
[_PG-878A];[МД];
[_PG-878B];[МД];
[_TG-160];[МД];
[_TG-777A];[МД];
[_TG-777B];[МД];
[_TG-777C];[МД];
[_TG-877A];[МД];
[_TG-877B];[МД];
[_TG-877C];[МД];
[_TG-877D];[МД];
[_TG-877E];[МД];
[_TG-877F];[МД];
[_TG-877G];[МД];
[C-3001-E1];[Теплообменник];[i_tube];[o_tube];[i_shell];[o_shell];
[C-3001-P1];[Насос_центробежный];[i];[o];[o_motor];
[C-3001-P1S];[Насос_центробежный];[i];[o];[o_motor];
[C-3001V_1_ДР_380];[Дренаж];[i];
[C-3001V_1_ДР_514];[Дренаж];[i];
[C-3001V_1_ДР_527];[Дренаж];[i];
[C-3001V_1_ДР_580];[Дренаж];[i];
[C-3001V_1_ДР_616];[Дренаж];[i];
[C-3001V_1_ДР_633];[Дренаж];[i];
[C-3001V_1_ДР_650];[Дренаж];[i];
[C-3001V_1_ДР_665];[Дренаж];[i];
[C-3001V_1_ДР_678];[Дренаж];[i];
[C-3001V_1_ДР_704];[Дренаж];[i];
[C-3001V_1_ДР_730];[Дренаж];[i];
[C-3001V_1_ДР_754];[Дренаж];[i];
[C-3001V_1_ДР_783];[Дренаж];[i];
[C-3001V_1_ДР_839];[Дренаж];[i];
[C-3001V_1_ДР_963];[Дренаж];[i];
[C-3001V_1_ЗКЛ_362];[Проходной_кран];[i];[o];
[C-3001V_1_ЗКЛ_395];[Проходной_кран];[i];[o];
[C-3001V_1_ЗКЛ_423];[Проходной_кран];[i];[o];
[C-3001V_1_ЗКЛ_445];[Проходной_кран];[i];[o];
[C-3001V_1_ЗКЛ_473];[Проходной_кран];[o];[i];
[C-3001V_1_ЗКЛ_612];[Проходной_кран];[i];[o];
[C-3001V_1_ЗКЛ_629];[Проходной_кран];[i];[o];
[C-3001V_1_ЗКЛ_646];[Проходной_кран];[i];[o];
[C-3001V_1_ЗКЛ_661];[Проходной_кран];[i];[o];
[C-3001V_1_ЗКЛ_823];[Проходной_кран];[i];[o];
[C-3001V_1_ЗКЛ_866];[Проходной_кран];[i];[o];
[C-3001V_1_ЗКЛ_916];[Проходной_кран];[o];[i];
[C-3001V_1_ЗКЛ_946];[Проходной_кран];[i];[o];
[C-3001V_1_ЗКЛ_951];[Проходной_кран];[i];[o];
[C-3001V_1_ОК_418];[Обратный_клапан];[i];[o];
[C-3001V_1_ОК_468];[Обратный_клапан];[i];[o];
[C-3001V_1_Ф_399];[Фильтр];[i];[o];
[C-3001V_1_Ф_449];[Фильтр];[i];[o];
[C-3001V_1_ШК_692];[Шаровой_кран];[i];[o];
[C-3001V_1_ШК_718];[Шаровой_кран];[i];[o];
[C-3001V_1_ШК_744];[Шаровой_кран];[o];[i];
[C-3001V_1_ШК_767];[Шаровой_кран];[o];[i];
[C-3001V_1_ШК_847];[Шаровой_кран];[o];[i];
[C-3001-V1];[Емкость];[top_1];[bot_1];[bot_2];[top_2];
[F777A];[Датчик];[24];[26];
[F777B];[Датчик];[44];[47];
[F790];[Датчик];[21];[22];
[F877A];[Датчик];[29];[31];
[F877B];[Датчик];[45];[49];
[FG-776C];[Датчик];[36];[40];
[FG-876C];[Датчик];[35];[38];
[LCP_C3001_H1];[Вызов_пульта];
[LG_C-3001-V1];[Уровень];
[LP_30_927];[Вызов_пульта];
[P879B];[Датчик];[17];[18];
[P887A];[Датчик];[5];[6];
[P887B];[Датчик];[10];[11];
[PG-179];[Датчик];[43];[50];
[PG-878A];[Датчик];[3];[4];
[PG-878B];[Датчик];[8];[9];
[S-3003A/S];[Фильтр];[i];[o];
[T790];[Датчик];[13];[16];
[T878];[Датчик];[19];[20];
[TCV-879];[Термостат];[i2];[i1];[o];
[TG-160];[Датчик];[51];[52];
[TG-777A];[Датчик];[23];[25];
[TG-777B];[Датчик];[34];[46];
[TG-777C];[Датчик];[27];[39];
[TG-877A];[Датчик];[28];[30];
[TG-877B];[Датчик];[33];[48];
[TG-877C];[Датчик];[32];[37];
[TG-877D];[Датчик];[1];[2];
[TG-877E];[Датчик];[14];[15];
[TG-877F];[Датчик];[7];[12];
[TG-877G];[Датчик];[41];[42];
[Заполнение этиленгликолем (при пуске)];[IO];[o];
[Изм_C-3001-P1];[Измеритель];[i_motor];
[Изм_C-3001-P1S];[Измеритель];[i_motor];
[Оборотная вода обратная 1 системы];[Коллектор];[i_C-3001V_1_1];
[Оборотная вода прямая 1 системы];[Коллектор];[o_C-3001V_1_2];
[Охлаждающая вода к системе смазки C-3001A];[IO];[i];
[Охлаждающая вода к системе смазки C-3001S];[IO];[i];
[Охлаждающая вода от системы смазки C-3001A];[IO];[o];
[Охлаждающая вода от системы смазки C-3001S];[IO];[o];
[Ц-1-С-3001A];[Поршневой_компрессор];[in_water];[out_water];
[Ц-1-С-3001S];[Поршневой_компрессор];[in_water];[out_water];
[Ц-2-С-3001A];[Поршневой_компрессор];[in_water];[out_water];
[Ц-2-С-3001S];[Поршневой_компрессор];[in_water];[out_water];
##########;
[C-3001V_1_366];[Заполнение этиленгликолем (при пуске)][o];[C-3001V_1_ЗКЛ_362][i];
[C-3001V_1_367];[C-3001V_1_ЗКЛ_362][o];[C-3001-V1][top_1];
[C-3001V_1_370];[TG-877D][1];[C-3001-V1][bot_1];
[C-3001V_1_385];[C-3001-V1][bot_2];[C-3001V_1_ДР_380][i];
[C-3001V_1_433];[TG-877D][2];[C-3001V_1_ЗКЛ_395][i];[C-3001V_1_ЗКЛ_445][i];
[C-3001V_1_436];[C-3001V_1_ЗКЛ_395][o];[C-3001V_1_Ф_399][i];
[C-3001V_1_437];[C-3001V_1_Ф_399][o];[C-3001-P1][i];
[C-3001V_1_439];[C-3001-P1][o];[PG-878A][3];
[C-3001V_1_441];[PG-878A][4];[P887A][5];
[C-3001V_1_442];[P887A][6];[C-3001V_1_ОК_418][i];
[C-3001V_1_443];[C-3001V_1_ОК_418][o];[C-3001V_1_ЗКЛ_423][i];
[C-3001V_1_444];[C-3001V_1_ЗКЛ_423][o];[C-3001V_1_ЗКЛ_473][o];[C-3001V_1_ДР_514][i];[TCV-879][i2];[TG-877F][7];
[C-3001V_1_477];[C-3001V_1_ЗКЛ_445][o];[C-3001V_1_Ф_449][i];
[C-3001V_1_478];[C-3001V_1_Ф_449][o];[C-3001-P1S][i];
[C-3001V_1_479];[C-3001-P1S][o];[PG-878B][8];
[C-3001V_1_480];[PG-878B][9];[P887B][10];
[C-3001V_1_481];[P887B][11];[C-3001V_1_ОК_468][i];
[C-3001V_1_482];[C-3001V_1_ОК_468][o];[C-3001V_1_ЗКЛ_473][i];
[C-3001V_1_521];[C-3001-E1][i_tube];[TG-877F][12];
[C-3001V_1_523];[T790][13];[TCV-879][i1];
[C-3001V_1_526];[C-3001-E1][o_tube];[C-3001V_1_ДР_527][i];[TG-877E][14];
[C-3001V_1_546];[TG-877E][15];[T790][16];
[C-3001V_1_553];[TCV-879][o];[P879B][17];
[C-3001V_1_589];[P879B][18];[C-3001V_1_ДР_580][i];[T878][19];
[C-3001V_1_592];[T878][20];[F790][21];
[C-3001V_1_595];[F790][22];[C-3001V_1_ЗКЛ_916][o];[C-3001V_1_ЗКЛ_612][i];[C-3001V_1_ЗКЛ_629][i];[C-3001V_1_ЗКЛ_646][i];[C-3001V_1_ЗКЛ_661][i];
[C-3001V_1_625];[Ц-1-С-3001A][in_water];[C-3001V_1_ЗКЛ_612][o];[C-3001V_1_ДР_616][i];
[C-3001V_1_640];[Ц-2-С-3001A][in_water];[C-3001V_1_ЗКЛ_629][o];[C-3001V_1_ДР_633][i];
[C-3001V_1_657];[Ц-1-С-3001S][in_water];[C-3001V_1_ЗКЛ_646][o];[C-3001V_1_ДР_650][i];
[C-3001V_1_672];[Ц-2-С-3001S][in_water];[C-3001V_1_ЗКЛ_661][o];[C-3001V_1_ДР_665][i];
[C-3001V_1_683];[Ц-1-С-3001A][out_water];[TG-777A][23];
[C-3001V_1_688];[F777A][24];[C-3001V_1_ДР_678][i];[TG-777A][25];
[C-3001V_1_696];[F777A][26];[C-3001V_1_ШК_692][i];
[C-3001V_1_699];[C-3001V_1_ШК_692][o];[C-3001V_1_ШК_767][o];[TG-777C][27];
[C-3001V_1_709];[Ц-1-С-3001S][out_water];[TG-877A][28];
[C-3001V_1_712];[F877A][29];[C-3001V_1_ДР_704][i];[TG-877A][30];
[C-3001V_1_722];[F877A][31];[C-3001V_1_ШК_718][i];
[C-3001V_1_725];[C-3001V_1_ШК_718][o];[C-3001V_1_ШК_744][o];[C-3001V_1_ДР_783][i];[TG-877C][32];
[C-3001V_1_735];[Ц-2-С-3001S][out_water];[TG-877B][33];
[C-3001V_1_759];[Ц-2-С-3001A][out_water];[TG-777B][34];
[C-3001V_1_778];[FG-876C][35];[FG-776C][36];[C-3001-V1][top_2];[C-3001V_1_ЗКЛ_916][i];
[C-3001V_1_802];[TG-877C][37];[FG-876C][38];
[C-3001V_1_814];[TG-777C][39];[FG-776C][40];
[C-3001V_1_833];[C-3001V_1_ЗКЛ_946][i];[C-3001V_1_ЗКЛ_823][i];
[C-3001V_1_834];[C-3001V_1_ЗКЛ_823][o];[C-3001-E1][i_shell];[Охлаждающая вода к системе смазки C-3001S][i];[Охлаждающая вода к системе смазки C-3001A][i];
[C-3001V_1_846];[C-3001V_1_ДР_839][i];[C-3001V_1_ШК_847][o];[TG-877G][41];
[C-3001V_1_851];[C-3001V_1_ШК_847][i];[C-3001-E1][o_shell];
[C-3001V_1_862];[Охлаждающая вода от системы смазки C-3001A][o];[Охлаждающая вода от системы смазки C-3001S][o];[TG-877G][42];[C-3001V_1_ЗКЛ_866][i];
[C-3001V_1_872];[C-3001V_1_ЗКЛ_866][o];[PG-179][43];
[C-3001V_1_878];[F777B][44];[C-3001V_1_ШК_767][i];
[C-3001V_1_887];[F877B][45];[C-3001V_1_ШК_744][i];
[C-3001V_1_888];[TG-777B][46];[C-3001V_1_ДР_754][i];[F777B][47];
[C-3001V_1_891];[TG-877B][48];[F877B][49];[C-3001V_1_ДР_730][i];
[C-3001V_1_930];[PG-179][50];[TG-160][51];
[C-3001V_1_931];[TG-160][52];[Оборотная вода обратная 1 системы][i_C-3001V_1_1];
[C-3001V_1_941];[C-3001-P1][o_motor];[Изм_C-3001-P1][i_motor];
[C-3001V_1_943];[C-3001-P1S][o_motor];[Изм_C-3001-P1S][i_motor];
[C-3001V_1_955];[C-3001V_1_ЗКЛ_946][o];[S-3003A/S][i];[C-3001V_1_ДР_963][i];
[C-3001V_1_956];[S-3003A/S][o];[C-3001V_1_ЗКЛ_951][i];
[C-3001V_1_969];[C-3001V_1_ЗКЛ_951][o];[Оборотная вода прямая 1 системы][o_C-3001V_1_2];
