[_FG-048];[МД];
[_PG-106];[МД];
[_PG-112];[МД];
[_PG-113];[МД];
[_PG-115];[МД];
[_TG-027];[МД];
[_TG-099];[МД];
[_TG-106];[МД];
[_TG-110];[МД];
[_TG-111];[МД];
[_TG-112];[МД];
[E-3007];[Теплообменник];[i_tube];[o_tube];[i_shell];[o_shell];
[F042];[Датчик];[6];[9];
[F043];[Датчик];[2];[3];
[FG-048];[Датчик];[11];[36];
[FV-042];[Клапан в сборке];[i];[o];
[LV-050];[Клапан в сборке];[i];[o];
[PG-106];[Датчик];[4];[34];
[PG-112];[Датчик];[30];[31];
[PG-113];[Датчик];[12];[32];
[PG-115];[Датчик];[17];[33];
[PSV-022A/S];[ППК_2х];[o];[i];
[PSV-024];[Предохранительный_клапан];[i];[o];
[PSV-025A/S];[ППК_2х];[o];[i];
[PSV-026A/S];[ППК_2х];[o];[i];
[PSV-035A/S];[ППК_2х];[o];[i];
[PV-107];[Клапан в сборке];[o];[i];
[PV-108A];[Регулирующий_клапан];[o];[i];
[PV-108B];[Клапан в сборке];[o];[i];
[T044];[Датчик];[8];[35];
[T102];[Датчик];[23];[25];
[T105];[Датчик];[21];[27];
[T109];[Датчик];[14];[18];
[TG-027];[Датчик];[7];[10];
[TG-099];[Датчик];[1];[5];
[TG-106];[Датчик];[28];[29];
[TG-110];[Датчик];[13];[26];
[TG-111];[Датчик];[19];[20];
[TG-112];[Датчик];[15];[16];
[TV-105];[Клапан в сборке];[i];[o];
[U045];[Датчик];[22];[24];
[V-3012];[Емкость];[top_4];[top_3];[top_2];[bot_2];[bot_3];[top_6];[bot_1];[top_1];[top_7];[bot_4];[top_5];
[V-3012_3013_3030_Атм_11408];[Атмосфера];[i];
[V-3012_3013_3030_Атм_12245];[Атмосфера];[i];
[V-3012_3013_3030_Атм_14890];[Атмосфера];[i];
[V-3012_3013_3030_Атм_16079];[Атмосфера];[i];
[V-3012_3013_3030_ДР_11551];[Дренаж];[i];
[V-3012_3013_3030_ДР_11561];[Дренаж];[i];
[V-3012_3013_3030_ДР_11626];[Дренаж];[i];
[V-3012_3013_3030_ДР_11680];[Дренаж];[i];
[V-3012_3013_3030_ДР_11690];[Дренаж];[i];
[V-3012_3013_3030_ДР_11730];[Дренаж];[i];
[V-3012_3013_3030_ДР_12162];[Дренаж];[i];
[V-3012_3013_3030_ДР_12175];[Дренаж];[i];
[V-3012_3013_3030_ДР_12184];[Дренаж];[i];
[V-3012_3013_3030_ДР_12250];[Дренаж];[i];
[V-3012_3013_3030_ДР_12270];[Дренаж];[i];
[V-3012_3013_3030_ДР_12305];[Дренаж];[i];
[V-3012_3013_3030_ДР_12349];[Дренаж];[i];
[V-3012_3013_3030_ДР_12382];[Дренаж];[i];
[V-3012_3013_3030_ДР_12399];[Дренаж];[i];
[V-3012_3013_3030_ДР_12422];[Дренаж];[i];
[V-3012_3013_3030_ДР_12476];[Дренаж];[i];
[V-3012_3013_3030_ДР_12488];[Дренаж];[i];
[V-3012_3013_3030_ДР_12524];[Дренаж];[i];
[V-3012_3013_3030_ДР_12560];[Дренаж];[i];
[V-3012_3013_3030_ДР_12657];[Дренаж];[i];
[V-3012_3013_3030_ДР_12670];[Дренаж];[i];
[V-3012_3013_3030_ДР_12694];[Дренаж];[i];
[V-3012_3013_3030_ДР_12702];[Дренаж];[i];
[V-3012_3013_3030_ДР_12730];[Дренаж];[i];
[V-3012_3013_3030_ДР_12773];[Дренаж];[i];
[V-3012_3013_3030_ДР_13568];[Дренаж];[i];
[V-3012_3013_3030_ДР_14856];[Дренаж];[i];
[V-3012_3013_3030_ДР_16102];[Дренаж];[i];
[V-3012_3013_3030_ДР_16109];[Дренаж];[i];
[V-3012_3013_3030_ДР_16130];[Дренаж];[i];
[V-3012_3013_3030_ДР_16137];[Дренаж];[i];
[V-3012_3013_3030_ДР_16202];[Дренаж];[i];
[V-3012_3013_3030_ДР_16233];[Дренаж];[i];
[V-3012_3013_3030_ЗАГЛ_НО_12154];[Заглушка_НО];[i];[o];
[V-3012_3013_3030_ЗАГЛ_НО_12194];[Заглушка_НО];[i];[o];
[V-3012_3013_3030_ЗАГЛ_НО_12238];[Заглушка_НО];[i];[o];
[V-3012_3013_3030_ЗАГЛ_НО_13575];[Заглушка_НО];[o];[i];
[V-3012_3013_3030_ЗКЛ_11460];[Проходной_кран];[i];[o];
[V-3012_3013_3030_ЗКЛ_11464];[Проходной_кран];[i];[o];
[V-3012_3013_3030_ЗКЛ_11480];[Проходной_кран];[i];[o];
[V-3012_3013_3030_ЗКЛ_11484];[Проходной_кран];[o];[i];
[V-3012_3013_3030_ЗКЛ_11499];[Проходной_кран];[i];[o];
[V-3012_3013_3030_ЗКЛ_11503];[Проходной_кран];[o];[i];
[V-3012_3013_3030_ЗКЛ_11594];[Проходной_кран];[i];[o];
[V-3012_3013_3030_ЗКЛ_11620];[Проходной_кран];[i];[o];
[V-3012_3013_3030_ЗКЛ_11697];[Проходной_кран];[i];[o];
[V-3012_3013_3030_ЗКЛ_11705];[Проходной_кран];[i];[o];
[V-3012_3013_3030_ЗКЛ_11709];[Проходной_кран];[i];[o];
[V-3012_3013_3030_ЗКЛ_11739];[Проходной_кран];[i];[o];
[V-3012_3013_3030_ЗКЛ_11743];[Проходной_кран];[o];[i];
[V-3012_3013_3030_ЗКЛ_12301];[Проходной_кран];[i];[o];
[V-3012_3013_3030_ЗКЛ_12450];[Проходной_кран];[i];[o];
[V-3012_3013_3030_ЗКЛ_12455];[Проходной_кран];[i];[o];
[V-3012_3013_3030_ЗКЛ_12482];[Проходной_кран];[i];[o];
[V-3012_3013_3030_ЗКЛ_12517];[Проходной_кран];[o];[i];
[V-3012_3013_3030_ЗКЛ_12580];[Проходной_кран];[i];[o];
[V-3012_3013_3030_ЗКЛ_12651];[Проходной_кран];[o];[i];
[V-3012_3013_3030_ЗКЛ_12681];[Проходной_кран];[i];[o];
[V-3012_3013_3030_ЗКЛ_12710];[Проходной_кран];[i];[o];
[V-3012_3013_3030_ЗКЛ_16196];[Проходной_кран];[i];[o];
[V-3012_3013_3030_ЗКЛ_16210];[Проходной_кран];[o];[i];
[V-3012_3013_3030_ЗКЛ_16221];[Проходной_кран];[o];[i];
[V-3012_3013_3030_ЗКЛ_16226];[Проходной_кран];[i];[o];
[V-3012_3013_3030_ЗКЛ_ЗАГЛ_НО_11606];[Задвижка_с_заглушкой_НО];[i];[o];
[V-3012_3013_3030_Канализация_12207];[Канализация];[i];
[V-3012_3013_3030_Канализация_12388];[Канализация];[i];
[V-3012_3013_3030_Канализация_12441];[Канализация];[i];
[V-3012_3013_3030_Конд_12689];[Конденсатоотводчик];[o];[i];
[V-3012_3013_3030_ОК_11567];[Обратный_клапан];[o];[i];
[V-3012_3013_3030_ОК_12464];[Обратный_клапан];[o];[i];
[V-3012_3013_3030_ОК_12531];[Обратный_клапан];[o];[i];
[V-3012_3013_3030_ОК_12725];[Обратный_клапан];[o];[i];
[V-3012_3013_3030_ОК_13553];[Обратный_клапан];[i];[o];
[V-3012_3013_3030_ШК_11598];[Шаровой_кран];[i];[o];
[V-3012_3013_3030_ШК_12168];[Шаровой_кран];[o];[i];
[V-3012_3013_3030_ШК_12203];[Шаровой_кран];[i];[o];
[V-3012_3013_3030_ШК_12406];[Шаровой_кран];[i];[o];
[V-3012_3013_3030_ШК_12685];[Шаровой_кран];[i];[o];
[V-3013];[Емкость];[top_2];[bot_3];[top_1];[bot_1];[o_heat_1];[i_heat_1];
[V-3030];[Емкость];[bot_1];[top_3];[bot_2];[top_2];[i_heat_1];[o_heat_1];[top_1];
[XV-070];[Поршень_клапан];[i];[o];
[XV-074];[Поршень_клапан];[i];[o];
[XV-075];[Поршень_клапан];[o];[i];
[Водяной пар промежуточного давления в V-3012 от PSV-20,21];[IO];[o];
[Водяной пар СД к X-3001];[IO];[o];
[Водяной пар СД от J-3001];[IO];[i];
[Конденсат промежуточного давления в коллектор от J-3001];[IO];[i];
[Насыщенный водяной пар из V-3012 в H-3001];[IO];[i];
[Насыщенный пар промежуточного давления от V-3012 к E-3006];[IO];[i];
[Оборотная вода обратная 1 системы];[Коллектор];[i_V-3012_3013_3030_3];
[Оборотная вода прямая 1 системы];[Коллектор];[o_V-3012_3013_3030_2];
[Пар НД от V-3013 в коллектор];[IO];[i];
[Пар промежуточного давления из E-3002A в V-3012];[IO];[o];
[Пар промежуточного давления из E-3002B в V-3012];[IO];[o];
[Пар промежуточного давления из E-3004 в V-3012];[IO];[o];
[Пар промежуточного давления от J-3001 к R-3001];[IO];[i];
[Пар СД к аппаратам];[Коллектор];[o_V-3012_3013_3030_1];
[Пар СД от Т-3002 в Х-3001];[IO];[o];
[Перегретый водяной пар от H-3001 в J-3001];[IO];[o];
[Питательная вода ВД без фосфатов];[IO];[o];
[Питательная вода высокого давления];[IO];[o];
[Питательная вода высокого давления из коллектора];[IO];[i];
[Пожарная вода];[Коллектор];[o_V-3012_3013_3030_4];
[Промтеплофикационная вода обратная];[Коллектор];
[Промтеплофикационная вода обратная];[Коллектор];[i_V-3012_3013_3030_6];[i_V-3012_3013_3030_7];
[Промтеплофикационная вода прямая];[Коллектор];
[Промтеплофикационная вода прямая];[Коллектор];[o_V-3012_3013_3030_5];[o_V-3012_3013_3030_8];
[Циркуляционная вода из V-3012 в E-3002A];[IO];[i];
[Циркуляционная вода из V-3012 в E-3002B];[IO];[i];
[Циркуляционная вода из V-3012 в E-3004];[IO];[i];
##########;
[V-3012_3013_3030_11286];[Водяной пар промежуточного давления в V-3012 от PSV-20,21][o];[PSV-022A/S][o];[V-3012_3013_3030_Атм_11408][i];
[V-3012_3013_3030_11289];[Пар промежуточного давления из E-3002A в V-3012][o];[V-3012][top_4];
[V-3012_3013_3030_11292];[Пар промежуточного давления из E-3002B в V-3012][o];[V-3012][top_3];
[V-3012_3013_3030_11295];[Пар промежуточного давления из E-3004 в V-3012][o];[V-3012][top_2];
[V-3012_3013_3030_11298];[Циркуляционная вода из V-3012 в E-3004][i];[TG-099][1];
[V-3012_3013_3030_11301];[Циркуляционная вода из V-3012 в E-3002B][i];[V-3012][bot_2];[V-3012_3013_3030_ЗКЛ_11480][i];
[V-3012_3013_3030_11304];[Циркуляционная вода из V-3012 в E-3002A][i];[V-3012][bot_3];[V-3012_3013_3030_ЗКЛ_11499][i];
[V-3012_3013_3030_11307];[V-3012_3013_3030_ЗКЛ_ЗАГЛ_НО_11606][i];[F043][2];
[V-3012_3013_3030_11308];[Питательная вода высокого давления][o];[V-3012_3013_3030_ЗКЛ_16196][i];
[V-3012_3013_3030_11311];[F043][3];[Насыщенный водяной пар из V-3012 в H-3001][i];[V-3012_3013_3030_ЗКЛ_11620][i];
[V-3012_3013_3030_11318];[Пар СД к аппаратам][o_V-3012_3013_3030_1];[V-3012_3013_3030_ЗКЛ_16226][i];
[V-3012_3013_3030_11345];[PG-106][4];[V-3012_3013_3030_ЗКЛ_11594][i];[V-3012_3013_3030_ЗКЛ_ЗАГЛ_НО_11606][o];
[V-3012_3013_3030_11404];[PSV-022A/S][i];[V-3012][top_6];
[V-3012_3013_3030_11412];[V-3012][bot_1];[TG-099][5];[V-3012_3013_3030_ЗКЛ_11460][i];
[V-3012_3013_3030_11470];[V-3012_3013_3030_ЗКЛ_11464][i];[V-3012_3013_3030_ЗКЛ_11460][o];
[V-3012_3013_3030_11471];[V-3012_3013_3030_ЗКЛ_11464][o];[V-3012_3013_3030_ЗКЛ_11484][o];[V-3012_3013_3030_ЗКЛ_11503][o];[V-3012_3013_3030_ЗАГЛ_НО_12154][i];
[V-3012_3013_3030_11489];[V-3012_3013_3030_ЗКЛ_11484][i];[V-3012_3013_3030_ЗКЛ_11480][o];
[V-3012_3013_3030_11508];[V-3012_3013_3030_ЗКЛ_11503][i];[V-3012_3013_3030_ЗКЛ_11499][o];
[V-3012_3013_3030_11556];[V-3012_3013_3030_ДР_11551][i];[F042][6];[FV-042][i];
[V-3012_3013_3030_11566];[V-3012_3013_3030_ДР_11561][i];[V-3012_3013_3030_ОК_11567][o];[XV-070][i];
[V-3012_3013_3030_11578];[FV-042][o];[V-3012_3013_3030_ОК_11567][i];
[V-3012_3013_3030_11581];[XV-070][o];[V-3012][top_1];
[V-3012_3013_3030_11584];[TG-027][7];[T044][8];
[V-3012_3013_3030_11590];[F042][9];[TG-027][10];
[V-3012_3013_3030_11602];[V-3012_3013_3030_ШК_11598][i];[V-3012_3013_3030_ЗКЛ_11594][o];
[V-3012_3013_3030_11604];[V-3012_3013_3030_ШК_11598][o];[Пар СД от Т-3002 в Х-3001][o];[Водяной пар СД к X-3001][o];[PSV-025A/S][o];[PV-108A][o];[PSV-026A/S][o];[V-3012_3013_3030_Атм_16079][i];
[V-3012_3013_3030_11632];[V-3012_3013_3030_ЗКЛ_11620][o];[V-3012_3013_3030_ДР_11626][i];[Насыщенный пар промежуточного давления от V-3012 к E-3006][i];
[V-3012_3013_3030_11685];[V-3012_3013_3030_ДР_11680][i];[PV-107][o];[V-3012_3013_3030_ОК_13553][i];
[V-3012_3013_3030_11686];[V-3012_3013_3030_ОК_13553][o];[V-3012][top_7];
[V-3012_3013_3030_11695];[V-3012_3013_3030_ДР_11690][i];[PV-107][i];[V-3012_3013_3030_ЗКЛ_16226][o];
[V-3012_3013_3030_11703];[V-3012][bot_4];[V-3012_3013_3030_ЗКЛ_11697][i];
[V-3012_3013_3030_11704];[V-3012_3013_3030_ЗКЛ_11697][o];[FG-048][11];[V-3012_3013_3030_ЗКЛ_11705][i];
[V-3012_3013_3030_11720];[V-3012_3013_3030_ЗКЛ_11709][i];[V-3012_3013_3030_ЗКЛ_11705][o];
[V-3012_3013_3030_11721];[V-3012_3013_3030_ЗКЛ_11709][o];[V-3012_3013_3030_ЗКЛ_11743][o];[XV-074][i];
[V-3012_3013_3030_11736];[V-3012_3013_3030_ДР_11730][i];[V-3012_3013_3030_ЗКЛ_11739][i];[V-3012_3013_3030_ЗКЛ_16210][o];
[V-3012_3013_3030_11747];[V-3012_3013_3030_ЗКЛ_11743][i];[V-3012_3013_3030_ЗКЛ_11739][o];
[V-3012_3013_3030_12134];[Водяной пар СД от J-3001][i];[V-3012_3013_3030_ДР_14856][i];[PV-108B][o];[PG-113][12];
[V-3012_3013_3030_12136];[V-3012_3013_3030_ДР_12773][i];[XV-075][o];[PV-108B][i];
[V-3012_3013_3030_12137];[Конденсат промежуточного давления в коллектор от J-3001][i];[V-3012_3013_3030_ДР_12730][i];[V-3012_3013_3030_ОК_12725][o];
[V-3012_3013_3030_12138];[Пар промежуточного давления от J-3001 к R-3001][i];[V-3012_3013_3030_ЗКЛ_12651][o];[V-3012_3013_3030_ДР_12657][i];
[V-3012_3013_3030_12139];[V-3012_3013_3030_ДР_12560][i];[Питательная вода высокого давления из коллектора][i];[TG-110][13];[TV-105][i];
[V-3012_3013_3030_12142];[Оборотная вода прямая 1 системы][o_V-3012_3013_3030_2];[V-3012_3013_3030_ШК_12406][i];[V-3012_3013_3030_ЗКЛ_12455][i];
[V-3012_3013_3030_12143];[V-3012_3013_3030_ДР_12382][i];[T109][14];[V-3012_3013_3030_ДР_12349][i];[LV-050][i];
[V-3012_3013_3030_12144];[V-3012_3013_3030_ЗКЛ_16221][o];[Пар НД от V-3013 в коллектор][i];
[V-3012_3013_3030_12145];[PSV-035A/S][o];[V-3012_3013_3030_Атм_14890][i];
[V-3012_3013_3030_12167];[V-3030][bot_1];[V-3012_3013_3030_ДР_12162][i];
[V-3012_3013_3030_12180];[V-3012_3013_3030_ДР_12175][i];[V-3012_3013_3030_ШК_12168][o];[V-3030][top_3];
[V-3012_3013_3030_12189];[V-3012_3013_3030_ДР_12184][i];[V-3012_3013_3030_ШК_12203][i];[V-3030][bot_2];
[V-3012_3013_3030_12202];[V-3012_3013_3030_ЗАГЛ_НО_12194][i];[TG-112][15];
[V-3012_3013_3030_12225];[V-3012_3013_3030_ШК_12203][o];[TG-112][16];
[V-3012_3013_3030_12244];[V-3030][top_2];[V-3012_3013_3030_ЗАГЛ_НО_12238][i];
[V-3012_3013_3030_12246];[V-3012_3013_3030_ЗАГЛ_НО_12238][o];[V-3012_3013_3030_Атм_12245][i];
[V-3012_3013_3030_12256];[XV-074][o];[V-3013][top_2];
[V-3012_3013_3030_12257];[V-3012_3013_3030_ЗАГЛ_НО_13575][o];[E-3007][i_tube];
[V-3012_3013_3030_12258];[PG-115][17];[V-3012_3013_3030_ДР_12270][i];[PSV-035A/S][i];[V-3012_3013_3030_ЗКЛ_12301][i];
[V-3012_3013_3030_12312];[V-3012_3013_3030_ДР_12305][i];[V-3012_3013_3030_ЗКЛ_12301][o];[V-3012_3013_3030_ЗКЛ_16221][i];
[V-3012_3013_3030_12343];[E-3007][o_tube];[T109][18];
[V-3012_3013_3030_12392];[LV-050][o];[V-3012_3013_3030_Канализация_12388][i];
[V-3012_3013_3030_12404];[E-3007][i_shell];[V-3012_3013_3030_ДР_12399][i];[V-3012_3013_3030_ШК_12406][o];
[V-3012_3013_3030_12419];[E-3007][o_shell];[TG-111][19];
[V-3012_3013_3030_12427];[V-3012_3013_3030_ДР_12422][i];[TG-111][20];[PSV-024][i];[V-3012_3013_3030_ЗКЛ_12450][i];
[V-3012_3013_3030_12445];[PSV-024][o];[V-3012_3013_3030_Канализация_12441][i];
[V-3012_3013_3030_12461];[V-3012_3013_3030_ЗКЛ_12450][o];[V-3012_3013_3030_ЗКЛ_12455][o];[Оборотная вода обратная 1 системы][i_V-3012_3013_3030_3];
[V-3012_3013_3030_12471];[V-3012_3013_3030_ОК_12464][o];[V-3012_3013_3030_ЗКЛ_12517][o];[T105][21];[V-3012_3013_3030_ЗКЛ_12580][i];
[V-3012_3013_3030_12481];[V-3012_3013_3030_ДР_12476][i];[V-3012_3013_3030_ЗКЛ_12482][i];[Питательная вода ВД без фосфатов][o];
[V-3012_3013_3030_12493];[V-3012_3013_3030_ДР_12488][i];[U045][22];[V-3012_3013_3030_ЗКЛ_12482][o];
[V-3012_3013_3030_12501];[T102][23];[U045][24];
[V-3012_3013_3030_12507];[T102][25];[TG-110][26];
[V-3012_3013_3030_12529];[V-3012_3013_3030_ЗКЛ_12517][i];[V-3012_3013_3030_ДР_12524][i];[V-3012_3013_3030_ОК_12531][o];
[V-3012_3013_3030_12592];[V-3012_3013_3030_ЗКЛ_12580][o];[PV-108A][i];
[V-3012_3013_3030_12612];[T105][27];[TG-106][28];
[V-3012_3013_3030_12619];[TG-106][29];[PG-112][30];
[V-3012_3013_3030_12622];[PG-112][31];[PSV-025A/S][i];[V-3012_3013_3030_ЗКЛ_12651][i];[XV-075][i];[V-3012_3013_3030_ДР_12670][i];[V-3012_3013_3030_ЗКЛ_12681][i];[V-3012_3013_3030_ШК_12685][i];
[V-3012_3013_3030_12701];[V-3012_3013_3030_ДР_12694][i];[V-3012_3013_3030_Конд_12689][o];[V-3012_3013_3030_ДР_12702][i];[V-3012_3013_3030_ЗКЛ_12710][i];
[V-3012_3013_3030_12718];[V-3012_3013_3030_ЗКЛ_12681][o];[V-3012_3013_3030_Конд_12689][i];
[V-3012_3013_3030_12722];[V-3012_3013_3030_ЗКЛ_12710][o];[V-3012_3013_3030_ШК_12685][o];[V-3012_3013_3030_ОК_12725][i];
[V-3012_3013_3030_12821];[PG-113][32];[PSV-026A/S][i];
[V-3012_3013_3030_13562];[Пожарная вода][o_V-3012_3013_3030_4];[V-3012_3013_3030_ШК_12168][i];
[V-3012_3013_3030_13573];[V-3013][bot_3];[V-3012_3013_3030_ДР_13568][i];[V-3012_3013_3030_ЗАГЛ_НО_13575][i];
[V-3012_3013_3030_13595];[V-3013][top_1];[PG-115][33];
[V-3012_3013_3030_14811];[TV-105][o];[V-3012_3013_3030_ОК_12531][i];
[V-3012_3013_3030_14897];[V-3012_3013_3030_Канализация_12207][i];[V-3012_3013_3030_ЗАГЛ_НО_12194][o];
[V-3012_3013_3030_14901];[Перегретый водяной пар от H-3001 в J-3001][o];[V-3012_3013_3030_ОК_12464][i];
[V-3012_3013_3030_16091];[Промтеплофикационная вода прямая][o_V-3012_3013_3030_5];[V-3012_3013_3030_ДР_16109][i];[V-3030][i_heat_1];
[V-3012_3013_3030_16092];[Промтеплофикационная вода обратная][i_V-3012_3013_3030_6];[V-3012_3013_3030_ДР_16102][i];[V-3030][o_heat_1];
[V-3012_3013_3030_16115];[V-3012_3013_3030_ЗАГЛ_НО_12154][o];[V-3030][top_1];
[V-3012_3013_3030_16121];[V-3012_3013_3030_ДР_12250][i];[V-3013][bot_1];
[V-3012_3013_3030_16122];[Промтеплофикационная вода обратная][i_V-3012_3013_3030_7];[V-3012_3013_3030_ДР_16130][i];[V-3013][o_heat_1];
[V-3012_3013_3030_16123];[Промтеплофикационная вода прямая][o_V-3012_3013_3030_8];[V-3012_3013_3030_ДР_16137][i];[V-3013][i_heat_1];
[V-3012_3013_3030_16195];[PG-106][34];[V-3012][top_5];
[V-3012_3013_3030_16207];[V-3012_3013_3030_ЗКЛ_16196][o];[V-3012_3013_3030_ДР_16202][i];[V-3012_3013_3030_ДР_16233][i];[T044][35];
[V-3012_3013_3030_16219];[V-3012_3013_3030_ЗКЛ_16210][i];[FG-048][36];
