[_PG-083];[МД];
[_TG-082];[МД];
[Cтабильная нафта из V-3009];[IO];[i];
[E-3009];[Теплообменник1];[i_shell];[i_tube];[o_tube];[o_shell];
[F039];[Датчик];[6];[7];
[HV-058];[Поршень_клапан];[o];[i];
[HV-060];[Поршень_клапан];[i];[o];
[LV-030];[Клапан в сборке];[o];[i];
[PG-083];[Датчик];[1];[8];
[PSV-031];[Предохранительный_клапан];[i];[o];
[PV-084A];[Клапан в сборке];[i];[o];
[T080];[Датчик];[4];[5];
[TG-082];[Датчик];[2];[3];
[V-3009];[Емкость_двухфазная];[top_1];[top_2];[bot_2];[bot_1];[top_4];
[V-3009_ДР_13251];[Дренаж];[i];
[V-3009_ДР_13316];[Дренаж];[i];
[V-3009_ДР_13373];[Дренаж];[i];
[V-3009_ДР_13392];[Дренаж];[i];
[V-3009_ДР_13461];[Дренаж];[i];
[V-3009_ДР_13605];[Дренаж];[i];
[V-3009_ДР_14517];[Дренаж];[i];
[V-3009_ЗАГЛ_НО_13244];[Заглушка_НО];[o];[i];
[V-3009_ЗАГЛ_НО_13292];[Заглушка_НО];[i];[o];
[V-3009_ЗКЛ_13264];[Проходной_кран];[i];[o];
[V-3009_ЗКЛ_13325];[Проходной_кран];[o];[i];
[V-3009_ЗКЛ_13367];[Проходной_кран];[i];[o];
[V-3009_ЗКЛ_13495];[Проходной_кран];[i];[o];
[V-3009_ЗКЛ_13675];[Проходной_кран];[i];[o];
[V-3009_Канализация_13424];[Канализация];[i];
[V-3009_ОК_13503];[Обратный_клапан];[i];[o];
[V-3009_ШК_13378];[Шаровой_кран];[o];[i];
[Вода из V-3009];[IO];[i];
[Вода обр];[IO];[i];
[Вода прям];[IO];[o];
[Газ из V-3009];[IO];[i];
[Нафта в V-3009];[IO];[o];
##########;
[V-3009_тест_13250];[V-3009_ЗАГЛ_НО_13244][o];[V-3009][top_1];
[V-3009_тест_13256];[V-3009_ДР_13251][i];[V-3009][top_2];
[V-3009_тест_13270];[PG-083][1];[V-3009_ЗКЛ_13264][i];
[V-3009_тест_13298];[V-3009][bot_2];[V-3009_ЗАГЛ_НО_13292][i];
[V-3009_тест_13305];[V-3009_ЗАГЛ_НО_13292][o];[HV-060][i];
[V-3009_тест_13315];[E-3009][i_shell];[V-3009_ДР_13316][i];[V-3009_ЗКЛ_13325][o];
[V-3009_тест_13360];[Нафта в V-3009][o];[V-3009_ЗКЛ_13325][i];
[V-3009_тест_13361];[Вода обр][i];[LV-030][o];[V-3009_ШК_13378][o];
[V-3009_тест_13362];[Вода прям][o];[V-3009_ШК_13378][i];[V-3009_ЗКЛ_13367][i];
[V-3009_тест_13386];[V-3009_ЗКЛ_13367][o];[V-3009_ДР_13373][i];[E-3009][i_tube];
[V-3009_тест_13391];[E-3009][o_tube];[V-3009_ДР_13392][i];[PSV-031][i];[TG-082][2];
[V-3009_тест_13400];[V-3009_ДР_13461][i];[LV-030][i];[TG-082][3];
[V-3009_тест_13429];[PSV-031][o];[V-3009_Канализация_13424][i];
[V-3009_тест_13460];[E-3009][o_shell];[V-3009_ЗКЛ_13495][i];
[V-3009_тест_13502];[V-3009_ЗКЛ_13495][o];[T080][4];
[V-3009_тест_13508];[T080][5];[V-3009_ОК_13503][i];
[V-3009_тест_13509];[V-3009_ЗАГЛ_НО_13244][i];[V-3009_ДР_14517][i];[V-3009_ОК_13503][o];
[V-3009_тест_13542];[V-3009_ЗКЛ_13264][o];[F039][6];
[V-3009_тест_13545];[F039][7];[V-3009_ДР_13605][i];[PV-084A][i];
[V-3009_тест_13546];[HV-058][o];[Газ из V-3009][i];
[V-3009_тест_13615];[PV-084A][o];[HV-058][i];
[V-3009_тест_13674];[V-3009][bot_1];[V-3009_ЗКЛ_13675][i];
[V-3009_тест_13697];[V-3009_ЗКЛ_13675][o];[Вода из V-3009][i];
[V-3009_тест_14346];[HV-060][o];[Cтабильная нафта из V-3009][i];
[V-3009_тест_14450];[V-3009][top_4];[PG-083][8];
