[_PG-117];[МД];
[_PG-119];[МД];
[_TG-115];[МД];
[_TG-116];[МД];
[_TG-118];[МД];
[_TG-119];[МД];
[P_C3001A];[Датчик];[49];[57];
[P_C3001S];[Датчик];[56];[58];
[P165];[Датчик];[51];[55];
[PG-117];[Датчик];[27];[28];
[PG-119];[Датчик];[36];[37];
[T108];[Датчик];[53];[54];
[T113];[Датчик];[43];[44];
[T114];[Датчик];[25];[26];
[T117];[Датчик];[35];[39];
[T127];[Датчик];[46];[47];
[T128];[Датчик];[19];[20];
[T134];[Датчик];[3];[4];
[T135];[Датчик];[11];[12];
[T136];[Датчик];[7];[8];
[T137];[Датчик];[15];[16];
[TG-115];[Датчик];[21];[22];
[TG-116];[Датчик];[29];[30];
[TG-118];[Датчик];[31];[32];
[TG-119];[Датчик];[38];[40];
[U044];[Датчик];[45];[52];
[U054];[Датчик];[41];[42];
[U055];[Датчик];[23];[24];
[U056];[Датчик];[33];[34];
[U058];[Датчик];[48];[50];
[U059];[Датчик];[17];[18];
[U065];[Датчик];[1];[2];
[U066];[Датчик];[9];[10];
[U067];[Датчик];[5];[6];
[U068];[Датчик];[13];[14];
[XV-059];[Э_задвижка];[i];[o];
[XV-300];[Э_задвижка];[i];[o];
[Азот];[Коллектор];[i_Вспом_сети_7];
[Азот ВД к потребителям];[IO];[i];
[Азот ВД на установку];[IO];[o];
[Азот к С-3001A];[IO];[i];
[Азот к С-3001S];[IO];[i];
[Азот на установку];[IO];[o];
[Азот от буллитов];[IO];[o];
[Водяной пар CД в V-3014];[IO];[i];
[Водяной пар CД на сажесдувочные аппараты ];[IO];[i];
[Водяной пар НД];[IO];[o];
[Водяной пар СД];[IO];[o];
[Водяной пар СД от J-3001];[IO];[o];
[Воздух КИП к клапанам];[IO];[i];
[Воздух КИП.1166];[IO];[o];
[Вспом_сети_Атм_191];[Атмосфера];[i];
[Вспом_сети_Атм_271];[Атмосфера];[i];
[Вспом_сети_ДР_1005];[Дренаж];[i];
[Вспом_сети_ДР_1105];[Дренаж];[i];
[Вспом_сети_ДР_1137];[Дренаж];[i];
[Вспом_сети_ДР_1153];[Дренаж];[i];
[Вспом_сети_ДР_1169];[Дренаж];[i];
[Вспом_сети_ДР_1223];[Дренаж];[i];
[Вспом_сети_ДР_1258];[Дренаж];[i];
[Вспом_сети_ДР_1300];[Дренаж];[i];
[Вспом_сети_ДР_1329];[Дренаж];[i];
[Вспом_сети_ДР_1361];[Дренаж];[i];
[Вспом_сети_ДР_1413];[Дренаж];[i];
[Вспом_сети_ДР_1419];[Дренаж];[i];
[Вспом_сети_ДР_1433];[Дренаж];[i];
[Вспом_сети_ДР_196];[Дренаж];[i];
[Вспом_сети_ДР_275];[Дренаж];[i];
[Вспом_сети_ДР_354];[Дренаж];[i];
[Вспом_сети_ДР_368];[Дренаж];[i];
[Вспом_сети_ДР_381];[Дренаж];[i];
[Вспом_сети_ДР_414];[Дренаж];[i];
[Вспом_сети_ДР_426];[Дренаж];[i];
[Вспом_сети_ДР_468];[Дренаж];[i];
[Вспом_сети_ДР_480];[Дренаж];[i];
[Вспом_сети_ДР_493];[Дренаж];[i];
[Вспом_сети_ДР_515];[Дренаж];[i];
[Вспом_сети_ДР_527];[Дренаж];[i];
[Вспом_сети_ДР_686];[Дренаж];[i];
[Вспом_сети_ДР_698];[Дренаж];[i];
[Вспом_сети_ДР_737];[Дренаж];[i];
[Вспом_сети_ДР_773];[Дренаж];[i];
[Вспом_сети_ДР_796];[Дренаж];[i];
[Вспом_сети_ДР_889];[Дренаж];[i];
[Вспом_сети_ДР_898];[Дренаж];[i];
[Вспом_сети_ДР_937];[Дренаж];[i];
[Вспом_сети_ДР_951];[Дренаж];[i];
[Вспом_сети_ДР_988];[Дренаж];[i];
[Вспом_сети_ЗКЛ_1010];[Проходной_кран];[o];[i];
[Вспом_сети_ЗКЛ_1084];[Проходной_кран];[o];[i];
[Вспом_сети_ЗКЛ_1094];[Проходной_кран];[i];[o];
[Вспом_сети_ЗКЛ_1126];[Проходной_кран];[i];[o];
[Вспом_сети_ЗКЛ_1210];[Проходной_кран];[i];[o];
[Вспом_сети_ЗКЛ_1228];[Проходной_кран];[i];[o];
[Вспом_сети_ЗКЛ_1241];[Проходной_кран];[i];[o];
[Вспом_сети_ЗКЛ_1263];[Проходной_кран];[i];[o];
[Вспом_сети_ЗКЛ_1272];[Проходной_кран];[i];[o];
[Вспом_сети_ЗКЛ_1282];[Проходной_кран];[o];[i];
[Вспом_сети_ЗКЛ_1290];[Проходной_кран];[o];[i];
[Вспом_сети_ЗКЛ_1305];[Проходной_кран];[i];[o];
[Вспом_сети_ЗКЛ_1316];[Проходной_кран];[o];[i];
[Вспом_сети_ЗКЛ_1339];[Проходной_кран];[i];[o];
[Вспом_сети_ЗКЛ_134];[Проходной_кран];[o];[i];
[Вспом_сети_ЗКЛ_1367];[Проходной_кран];[o];[i];
[Вспом_сети_ЗКЛ_1389];[Проходной_кран];[o];[i];
[Вспом_сети_ЗКЛ_1408];[Проходной_кран];[i];[o];
[Вспом_сети_ЗКЛ_1442];[Проходной_кран];[o];[i];
[Вспом_сети_ЗКЛ_1454];[Проходной_кран];[i];[o];
[Вспом_сети_ЗКЛ_21];[Проходной_кран];[o];[i];
[Вспом_сети_ЗКЛ_346];[Проходной_кран];[o];[i];
[Вспом_сети_ЗКЛ_350];[Проходной_кран];[i];[o];
[Вспом_сети_ЗКЛ_375];[Проходной_кран];[i];[o];
[Вспом_сети_ЗКЛ_420];[Проходной_кран];[i];[o];
[Вспом_сети_ЗКЛ_460];[Проходной_кран];[i];[o];
[Вспом_сети_ЗКЛ_464];[Проходной_кран];[o];[i];
[Вспом_сети_ЗКЛ_487];[Проходной_кран];[i];[o];
[Вспом_сети_ЗКЛ_521];[Проходной_кран];[i];[o];
[Вспом_сети_ЗКЛ_579];[Проходной_кран];[i];[o];
[Вспом_сети_ЗКЛ_694];[Проходной_кран];[i];[o];
[Вспом_сети_ЗКЛ_703];[Проходной_кран];[o];[i];
[Вспом_сети_ЗКЛ_778];[Проходной_кран];[i];[o];
[Вспом_сети_ЗКЛ_801];[Проходной_кран];[o];[i];
[Вспом_сети_ЗКЛ_894];[Проходной_кран];[i];[o];
[Вспом_сети_ЗКЛ_903];[Проходной_кран];[i];[o];
[Вспом_сети_ЗКЛ_956];[Проходной_кран];[i];[o];
[Вспом_сети_ЗКЛ_993];[Проходной_кран];[o];[i];
[Вспом_сети_ЗКЛ_ЗАГЛ_НЗ_181];[Задвижка_с_заглушкой_НЗ];[o];[i];
[Вспом_сети_ЗКЛ_ЗАГЛ_НЗ_261];[Задвижка_с_заглушкой_НЗ];[i];[o];
[Вспом_сети_ЗКЛ_ЗАГЛ_НО_141];[Задвижка_с_заглушкой_НО];[i];[o];
[Вспом_сети_ЗКЛ_ЗАГЛ_НО_165];[Задвижка_с_заглушкой_НО];[i];[o];
[Вспом_сети_ЗКЛ_ЗАГЛ_НО_201];[Задвижка_с_заглушкой_НО];[o];[i];
[Вспом_сети_ЗКЛ_ЗАГЛ_НО_27];[Задвижка_с_заглушкой_НО];[i];[o];
[Вспом_сети_ЗКЛ_ЗАГЛ_НО_280];[Задвижка_с_заглушкой_НО];[o];[i];
[Вспом_сети_ЗКЛ_ЗАГЛ_НО_301];[Задвижка_с_заглушкой_НО];[o];[i];
[Вспом_сети_ЗКЛ_ЗАГЛ_НО_53];[Задвижка_с_заглушкой_НО];[i];[o];
[Вспом_сети_Конд_723];[Конденсатоотводчик];[i];[o];
[Вспом_сети_Конд_923];[Конденсатоотводчик];[o];[i];
[Вспом_сети_ОК_1174];[Обратный_клапан];[i];[o];
[Вспом_сети_ОК_1334];[Обратный_клапан];[i];[o];
[Вспом_сети_ОК_1398];[Обратный_клапан];[i];[o];
[Вспом_сети_ОК_313];[Обратный_клапан];[i];[o];
[Вспом_сети_ОК_732];[Обратный_клапан];[i];[o];
[Вспом_сети_ОК_932];[Обратный_клапан];[i];[o];
[Вспом_сети_ШК_718];[Шаровой_кран];[i];[o];
[Вспом_сети_ШК_918];[Шаровой_кран];[i];[o];
[Конденсат водяного пара CД];[IO];[i];
[Конденсат водяного пара НД];[IO];[i];
[Конденсат высокого давления от V-3014 в коллектор];[IO];[o];
[Конденсат НД от аппаратов];[Коллектор];[o_Вспом_сети_11];
[Конденсат промежуточного давления в коллектор от J-3001];[IO];[o];
[Конденсат промежуточного давления от E-3006];[IO];[o];
[Конденсат промежуточного давления от HX-008];[IO];[o];
[Конденсат СД от коллектора с установки];[IO];[o];
[Конденсат СД от Т-3002 в коллектор];[IO];[o];
[Конденсат среднего давления от T-3001];[IO];[o];
[Оборотная вода обратная 1 системы];[Коллектор];[o_Вспом_сети_2];
[Оборотная вода обратная 1 системы в сеть завода];[IO];[i];
[Оборотная вода обратная 2 системы];[Коллектор];[o_Вспом_сети_4];
[Оборотная вода обратная 2 системы в сеть завода];[IO];[i];
[Оборотная вода прямая 1 системы];[Коллектор];[i_Вспом_сети_1];
[Оборотная вода прямая 1 системы из сети завода];[IO];[o];
[Оборотная вода прямая 2 системы];[Коллектор];[i_Вспом_сети_3];
[Оборотная вода прямая 2 системы из сети завода];[IO];[o];
[Отопительная вода для зданий];[Универсал];
[Отопительная вода для зданий];[Универсал];[i];[o];
[Отопительная вода для зданий обратная];[IO];[i];
[Отопительная вода для зданий прямая];[IO];[o];
[Пар НД к аппаратам];[Коллектор];[i_Вспом_сети_10];
[Пар НД от V-3013 в коллектор];[IO];[o];
[Пар СД к аппаратам];[Коллектор];[i_Вспом_сети_14];
[Пожарная вода];[Коллектор];[o_Вспом_сети_12];[o_Вспом_сети_13];
[Пожарная вода];[Коллектор];
[Пожарная вода к T-3001, T-3002];[IO];[i];
[Пожарная вода к компрессорной];[IO];[i];
[Промтеплофикационная вода обратная];[Коллектор];[o_Вспом_сети_9];
[Промтеплофикационная вода обратная в сеть завода];[IO];[i];
[Промтеплофикационная вода прямая];[Коллектор];[i_Вспом_сети_8];
[Промтеплофикационная вода прямая из сети завода];[IO];[o];
[Сброс факельного кислого газа];[IO];[i];
[Сброс факельного углеводородного газа];[IO];[i];
[Управляющий воздух к С-3001A];[IO];[i];
[Управляющий воздух к С-3001S];[IO];[i];
[Факельный кислый газ];[Коллектор];[o_Вспом_сети_6];
[Факельный углеводородный газ];[Коллектор];[o_Вспом_сети_5];
[ЭЩ_04кВ];[Электрооборудование];
[ЭЩ_6кВ];[Электрооборудование];
##########;
[Вспом_сети_17];[Оборотная вода прямая 1 системы из сети завода][o];[Вспом_сети_ЗКЛ_21][o];[Вспом_сети_ЗКЛ_ЗАГЛ_НО_27][i];
[Вспом_сети_18];[Оборотная вода обратная 1 системы в сеть завода][i];[Вспом_сети_ЗКЛ_21][i];[Вспом_сети_ЗКЛ_ЗАГЛ_НО_53][i];
[Вспом_сети_44];[Вспом_сети_ЗКЛ_ЗАГЛ_НО_27][o];[U065][1];
[Вспом_сети_45];[U065][2];[T134][3];
[Вспом_сети_46];[T134][4];[Оборотная вода прямая 1 системы][i_Вспом_сети_1];
[Вспом_сети_51];[Оборотная вода обратная 1 системы][o_Вспом_сети_2];[U067][5];
[Вспом_сети_52];[U067][6];[T136][7];
[Вспом_сети_63];[T136][8];[Вспом_сети_ЗКЛ_ЗАГЛ_НО_53][o];
[Вспом_сети_129];[Оборотная вода прямая 2 системы из сети завода][o];[Вспом_сети_ЗКЛ_134][o];[Вспом_сети_ЗКЛ_ЗАГЛ_НО_141][i];
[Вспом_сети_131];[Оборотная вода обратная 2 системы в сеть завода][i];[Вспом_сети_ЗКЛ_134][i];[Вспом_сети_ЗКЛ_ЗАГЛ_НО_165][i];
[Вспом_сети_156];[Вспом_сети_ЗКЛ_ЗАГЛ_НО_141][o];[U066][9];
[Вспом_сети_157];[U066][10];[T135][11];
[Вспом_сети_158];[T135][12];[Оборотная вода прямая 2 системы][i_Вспом_сети_3];
[Вспом_сети_163];[Оборотная вода обратная 2 системы][o_Вспом_сети_4];[U068][13];
[Вспом_сети_164];[U068][14];[T137][15];
[Вспом_сети_175];[T137][16];[Вспом_сети_ЗКЛ_ЗАГЛ_НО_165][o];
[Вспом_сети_192];[Вспом_сети_ЗКЛ_ЗАГЛ_НЗ_181][o];[Вспом_сети_Атм_191][i];
[Вспом_сети_193];[Вспом_сети_ЗКЛ_ЗАГЛ_НЗ_181][i];[Факельный углеводородный газ][o_Вспом_сети_5];[Вспом_сети_ЗКЛ_ЗАГЛ_НО_201][o];[Вспом_сети_ДР_1413][i];
[Вспом_сети_215];[Вспом_сети_ЗКЛ_ЗАГЛ_НО_201][i];[Сброс факельного углеводородного газа][i];
[Вспом_сети_217];[Вспом_сети_ДР_196][i];[Вспом_сети_ЗКЛ_ЗАГЛ_НО_301][o];[Вспом_сети_ОК_313][i];
[Вспом_сети_272];[Вспом_сети_ЗКЛ_ЗАГЛ_НЗ_261][i];[Факельный кислый газ][o_Вспом_сети_6];[Вспом_сети_ЗКЛ_ЗАГЛ_НО_280][o];[Вспом_сети_ДР_275][i];
[Вспом_сети_294];[Вспом_сети_ЗКЛ_ЗАГЛ_НО_280][i];[Сброс факельного кислого газа][i];
[Вспом_сети_297];[Вспом_сети_Атм_271][i];[Вспом_сети_ЗКЛ_ЗАГЛ_НЗ_261][o];
[Вспом_сети_324];[Азот на установку][o];[Вспом_сети_ЗКЛ_ЗАГЛ_НО_301][i];
[Вспом_сети_327];[Вспом_сети_ОК_313][o];[U059][17];
[Вспом_сети_328];[U059][18];[T128][19];
[Вспом_сети_329];[T128][20];[Азот][i_Вспом_сети_7];
[Вспом_сети_360];[Вспом_сети_ЗКЛ_346][o];[Вспом_сети_ЗКЛ_350][i];[Вспом_сети_ДР_354][i];
[Вспом_сети_362];[Вспом_сети_ЗКЛ_350][o];[Отопительная вода для зданий обратная][i];[Вспом_сети_ЗКЛ_420][i];[Вспом_сети_ДР_414][i];
[Вспом_сети_364];[Отопительная вода для зданий прямая][o];[Вспом_сети_ЗКЛ_346][i];[Вспом_сети_ЗКЛ_375][i];[Вспом_сети_ДР_368][i];
[Вспом_сети_388];[Вспом_сети_ЗКЛ_375][o];[TG-115][21];[Вспом_сети_ДР_381][i];
[Вспом_сети_408];[TG-115][22];[U055][23];
[Вспом_сети_409];[U055][24];[T114][25];
[Вспом_сети_411];[T114][26];[Отопительная вода для зданий][i];
[Вспом_сети_433];[Вспом_сети_ЗКЛ_420][o];[PG-117][27];[Вспом_сети_ДР_426][i];
[Вспом_сети_446];[PG-117][28];[TG-116][29];
[Вспом_сети_447];[TG-116][30];[Отопительная вода для зданий][o];
[Вспом_сети_449];[Промтеплофикационная вода обратная в сеть завода][i];[Вспом_сети_ЗКЛ_464][o];[Вспом_сети_ЗКЛ_521][i];[Вспом_сети_ДР_515][i];
[Вспом_сети_473];[Вспом_сети_ЗКЛ_460][i];[Промтеплофикационная вода прямая из сети завода][o];[Вспом_сети_ЗКЛ_487][i];[Вспом_сети_ДР_480][i];
[Вспом_сети_474];[Вспом_сети_ЗКЛ_460][o];[Вспом_сети_ЗКЛ_464][i];[Вспом_сети_ДР_468][i];
[Вспом_сети_500];[Вспом_сети_ЗКЛ_487][o];[TG-118][31];[Вспом_сети_ДР_493][i];
[Вспом_сети_511];[TG-118][32];[U056][33];
[Вспом_сети_512];[U056][34];[T117][35];
[Вспом_сети_534];[Вспом_сети_ЗКЛ_521][o];[PG-119][36];[Вспом_сети_ДР_527][i];
[Вспом_сети_547];[PG-119][37];[TG-119][38];
[Вспом_сети_553];[T117][39];[Промтеплофикационная вода прямая][i_Вспом_сети_8];
[Вспом_сети_561];[TG-119][40];[Промтеплофикационная вода обратная][o_Вспом_сети_9];
[Вспом_сети_570];[Водяной пар НД][o];[U054][41];
[Вспом_сети_577];[U054][42];[T113][43];
[Вспом_сети_578];[T113][44];[Вспом_сети_ЗКЛ_579][i];[Вспом_сети_ЗКЛ_1241][i];
[Вспом_сети_586];[Пар НД к аппаратам][i_Вспом_сети_10];[Пар НД от V-3013 в коллектор][o];[Вспом_сети_ЗКЛ_579][o];[Вспом_сети_ЗКЛ_1241][o];[Вспом_сети_ДР_686][i];[Вспом_сети_ЗКЛ_694][i];[Вспом_сети_ШК_718][i];
[Вспом_сети_715];[Вспом_сети_ШК_718][o];[Вспом_сети_ЗКЛ_703][o];[Вспом_сети_ОК_732][i];
[Вспом_сети_728];[Вспом_сети_ЗКЛ_694][o];[Вспом_сети_Конд_723][i];
[Вспом_сети_746];[Вспом_сети_ОК_732][o];[Вспом_сети_ДР_737][i];[Вспом_сети_ЗКЛ_1084][o];[Вспом_сети_ЗКЛ_1228][i];[Вспом_сети_ДР_1223][i];
[Вспом_сети_755];[Конденсат НД от аппаратов][o_Вспом_сети_11];[Вспом_сети_ЗКЛ_1084][i];
[Вспом_сети_782];[Конденсат промежуточного давления от HX-008][o];[Вспом_сети_ДР_773][i];[Вспом_сети_ЗКЛ_778][i];
[Вспом_сети_788];[Вспом_сети_ЗКЛ_778][o];[Вспом_сети_ЗКЛ_1282][o];[Вспом_сети_ЗКЛ_1290][o];[Вспом_сети_ЗКЛ_801][o];[Водяной пар СД от J-3001][o];[Вспом_сети_ЗКЛ_1316][o];[Вспом_сети_ЗКЛ_1272][i];[U044][45];[Вспом_сети_ЗКЛ_1263][i];[Вспом_сети_ДР_889][i];[Вспом_сети_ЗКЛ_894][i];[Вспом_сети_ШК_918][i];
[Вспом_сети_805];[Вспом_сети_ДР_796][i];[Вспом_сети_ЗКЛ_801][i];[Конденсат промежуточного давления в коллектор от J-3001][o];
[Вспом_сети_913];[Вспом_сети_Конд_923][o];[Вспом_сети_ЗКЛ_903][i];
[Вспом_сети_914];[Вспом_сети_ЗКЛ_903][o];[Вспом_сети_ШК_918][o];[Вспом_сети_ОК_932][i];
[Вспом_сети_916];[Вспом_сети_Конд_923][i];[Вспом_сети_ЗКЛ_894][o];[Вспом_сети_ДР_898][i];
[Вспом_сети_945];[Вспом_сети_ОК_932][o];[Вспом_сети_ДР_937][i];[Вспом_сети_ЗКЛ_956][i];
[Вспом_сети_962];[Вспом_сети_ЗКЛ_956][o];[Вспом_сети_ДР_951][i];[Вспом_сети_ЗКЛ_1010][o];[Вспом_сети_ЗКЛ_993][o];[Вспом_сети_ЗКЛ_1442][o];[Вспом_сети_ЗКЛ_1305][i];[Вспом_сети_ДР_1300][i];
[Вспом_сети_997];[Вспом_сети_ДР_988][i];[Вспом_сети_ЗКЛ_993][i];[Конденсат промежуточного давления от E-3006][o];
[Вспом_сети_1014];[Вспом_сети_ДР_1005][i];[Вспом_сети_ЗКЛ_1010][i];[Конденсат среднего давления от T-3001][o];[Конденсат СД от Т-3002 в коллектор][o];
[Вспом_сети_1032];[Вспом_сети_ЗКЛ_1305][o];[Конденсат водяного пара CД][i];
[Вспом_сети_1052];[Вспом_сети_Конд_723][o];[Вспом_сети_ЗКЛ_703][i];[Вспом_сети_ДР_698][i];
[Вспом_сети_1112];[Пожарная вода][o_Вспом_сети_12];[Вспом_сети_ЗКЛ_1094][i];[XV-059][i];
[Вспом_сети_1115];[XV-059][o];[Вспом_сети_ДР_1105][i];[Вспом_сети_ЗКЛ_1094][o];[Пожарная вода к T-3001, T-3002][i];
[Вспом_сети_1144];[Пожарная вода][o_Вспом_сети_13];[Вспом_сети_ЗКЛ_1126][i];[XV-300][i];
[Вспом_сети_1147];[XV-300][o];[Вспом_сети_ЗКЛ_1126][o];[Вспом_сети_ДР_1137][i];[Вспом_сети_ДР_1153][i];[Пожарная вода к компрессорной][i];
[Вспом_сети_1164];[Воздух КИП.1166][o];[Вспом_сети_ЗКЛ_1210][i];
[Вспом_сети_1183];[Вспом_сети_ЗКЛ_1210][o];[Вспом_сети_ДР_1169][i];[Вспом_сети_ОК_1174][i];
[Вспом_сети_1186];[Вспом_сети_ОК_1174][o];[T127][46];
[Вспом_сети_1187];[T127][47];[U058][48];
[Вспом_сети_1200];[Вспом_сети_ЗКЛ_1389][o];[Воздух КИП к клапанам][i];
[Вспом_сети_1205];[P_C3001A][49];[Управляющий воздух к С-3001A][i];
[Вспом_сети_1206];[U058][50];[Вспом_сети_ЗКЛ_1408][i];[Вспом_сети_ЗКЛ_1389][i];[Вспом_сети_ЗКЛ_1454][i];
[Вспом_сети_1235];[Вспом_сети_ЗКЛ_1228][o];[Конденсат водяного пара НД][i];
[Вспом_сети_1269];[Вспом_сети_ЗКЛ_1263][o];[Вспом_сети_ДР_1258][i];[Водяной пар CД в V-3014][i];
[Вспом_сети_1277];[Вспом_сети_ЗКЛ_1272][o];[Водяной пар CД на сажесдувочные аппараты ][i];
[Вспом_сети_1294];[Вспом_сети_ЗКЛ_1282][i];[Вспом_сети_ЗКЛ_1290][i];[Пар СД к аппаратам][i_Вспом_сети_14];
[Вспом_сети_1323];[Конденсат высокого давления от V-3014 в коллектор][o];[Вспом_сети_ДР_1433][i];[Вспом_сети_ЗКЛ_1316][i];
[Вспом_сети_1345];[Азот от буллитов][o];[Вспом_сети_ДР_1419][i];[Вспом_сети_ЗКЛ_1339][i];
[Вспом_сети_1346];[Вспом_сети_ЗКЛ_1339][o];[Вспом_сети_ДР_1329][i];[Вспом_сети_ОК_1334][i];
[Вспом_сети_1356];[Вспом_сети_ОК_1334][o];[Азот к С-3001A][i];[Азот к С-3001S][i];
[Вспом_сети_1366];[Вспом_сети_ДР_1361][i];[Вспом_сети_ЗКЛ_1367][o];[Вспом_сети_ОК_1398][i];
[Вспом_сети_1380];[Азот ВД на установку][o];[Вспом_сети_ЗКЛ_1367][i];
[Вспом_сети_1385];[P165][51];[Азот ВД к потребителям][i];
[Вспом_сети_1386];[U044][52];[T108][53];
[Вспом_сети_1387];[T108][54];[Водяной пар СД][o];
[Вспом_сети_1406];[Вспом_сети_ОК_1398][o];[P165][55];
[Вспом_сети_1446];[Конденсат СД от коллектора с установки][o];[Вспом_сети_ЗКЛ_1442][i];
[Вспом_сети_1451];[P_C3001S][56];[Управляющий воздух к С-3001S][i];
[Вспом_сети_1473];[Вспом_сети_ЗКЛ_1408][o];[P_C3001A][57];
[Вспом_сети_1476];[Вспом_сети_ЗКЛ_1454][o];[P_C3001S][58];
