[F029];[Датчик];[3];[8];
[F030];[Датчик];[5];[20];
[FV-029];[Клапан в сборке];[i];[o];
[FV-030];[Клапан в сборке];[i];[o];
[HV-027];[Поршень_клапан];[i];[o];
[HV-095];[Поршень_клапан];[o];[i];
[HV-107];[Поршень_клапан];[o];[i];
[L010];[Датчик];[16];[17];
[PG-036];[Датчик];[10];[26];
[PG-037];[Датчик];[12];[13];
[PG-038];[Датчик];[9];[14];
[PG-039];[Датчик];[11];[15];
[PG-040];[Датчик];[19];[27];
[PG-041];[Датчик];[23];[28];
[PG-042];[Датчик];[18];[21];
[PG-043];[Датчик];[22];[24];
[PG-044];[Датчик];[7];[25];
[S_30AM3002_1];[Датчик];[2];[32];
[S_30AM3002_3];[Датчик];[30];[31];
[S_30AM3002_4];[Датчик];[6];[29];
[T041];[Датчик];[1];[4];
[XV-030];[Э_задвижка];[i];[o];
[XV-096];[Э_задвижка];[i];[o];
[_PG-036];[МД];
[_PG-037];[МД];
[_PG-038];[МД];
[_PG-039];[МД];
[_PG-040];[МД];
[_PG-041];[МД];
[_PG-042];[МД];
[_PG-043];[МД];
[_PG-044];[МД];
[Газойль в Т-3002 от T-3001];[IO];[o];
[Газойль от Р-3005А/S];[IO];[i];
[Дренаж в V-3023];[Коллектор];[i_Т-3002_1];
[Дренаж в V-3024];[Коллектор];
[Дренаж в V-3024];[Коллектор];
[Дренаж в V-3024];[Коллектор];
[Дренаж в V-3024];[Коллектор];
[Дренаж в V-3024];[Коллектор];[i_Т-3002_2];[i_Т-3002_3];[i_Т-3002_5];[i_Т-3002_6];[i_Т-3002_7];[i_Т-3002_11];
[Дренаж в V-3024];[Коллектор];
[Изм_Р-3004A];[Измеритель];[i_motor];
[Изм_Р-3004S];[Измеритель];[i_motor];
[Изм_Р-3005A];[Измеритель];[i_motor];
[Изм_Р-3005S];[Измеритель];[i_motor];
[Конденсат СД от Т-3002 в коллектор];[IO];[i];
[Линия аварийной откачки от P-3005A/S];[IO];[i];
[Пар НД к аппаратам];[Коллектор];[o_Т-3002_8];
[Пар СД к аппаратам];[Коллектор];[o_Т-3002_4];
[Пар СД от Т-3002 в Х-3001];[IO];[i];
[Пары газойля из стриппинга Т-3002 в T-3001];[IO];[i];
[Промывная жидкость от V-3020];[Коллектор];
[Промывная жидкость от V-3020];[Коллектор];
[Промывная жидкость от V-3020];[Коллектор];[o_Т-3002_9];[o_Т-3002_10];[o_Т-3002_12];
[Р-3004A];[Насос_центробежный];[o];[i];[o_motor];
[Р-3004S];[Насос_центробежный];[o];[i];[o_motor];
[Р-3005A];[Насос_центробежный];[o];[i];[o_motor];
[Р-3005S];[Насос_центробежный];[o];[i];[o_motor];
[Т-3002];[Колонна];[o_1];[i_1];[i_9];[i_9A];[o_9];
[Т-3002_ДР_8437];[Дренаж];[i];
[Т-3002_ДР_8459];[Дренаж];[i];
[Т-3002_ДР_8526];[Дренаж];[i];
[Т-3002_ДР_8563];[Дренаж];[i];
[Т-3002_ДР_8610];[Дренаж];[i];
[Т-3002_ДР_8638];[Дренаж];[i];
[Т-3002_ДР_8651];[Дренаж];[i];
[Т-3002_ДР_8672];[Дренаж];[i];
[Т-3002_ДР_8695];[Дренаж];[i];
[Т-3002_ДР_8723];[Дренаж];[i];
[Т-3002_ДР_8757];[Дренаж];[i];
[Т-3002_ДР_8801];[Дренаж];[i];
[Т-3002_ДР_8839];[Дренаж];[i];
[Т-3002_ДР_8863];[Дренаж];[i];
[Т-3002_ДР_8999];[Дренаж];[i];
[Т-3002_ДР_9029];[Дренаж];[i];
[Т-3002_ДР_9093];[Дренаж];[i];
[Т-3002_ДР_9104];[Дренаж];[i];
[Т-3002_ДР_9238];[Дренаж];[i];
[Т-3002_ДР_9289];[Дренаж];[i];
[Т-3002_ДР_9300];[Дренаж];[i];
[Т-3002_ДР_9340];[Дренаж];[i];
[Т-3002_ДР_9391];[Дренаж];[i];
[Т-3002_ДР_9448];[Дренаж];[i];
[Т-3002_ДР_9459];[Дренаж];[i];
[Т-3002_ДР_9648];[Дренаж];[i];
[Т-3002_ЗАГЛ_НО_9518];[Заглушка_НО];[o];[i];
[Т-3002_ЗАГЛ_НО_9524];[Заглушка_НО];[o];[i];
[Т-3002_ЗАГЛ_НО_9544];[Заглушка_НО];[o];[i];
[Т-3002_ЗКЛ_8452];[Проходной_кран];[o];[i];
[Т-3002_ЗКЛ_8520];[Проходной_кран];[i];[o];
[Т-3002_ЗКЛ_8618];[Проходной_кран];[o];[i];
[Т-3002_ЗКЛ_8626];[Проходной_кран];[i];[o];
[Т-3002_ЗКЛ_8645];[Проходной_кран];[i];[o];
[Т-3002_ЗКЛ_8678];[Проходной_кран];[i];[o];
[Т-3002_ЗКЛ_8689];[Проходной_кран];[i];[o];
[Т-3002_ЗКЛ_8751];[Проходной_кран];[i];[o];
[Т-3002_ЗКЛ_8782];[Проходной_кран];[i];[o];
[Т-3002_ЗКЛ_8818];[Проходной_кран];[i];[o];
[Т-3002_ЗКЛ_8833];[Проходной_кран];[i];[o];
[Т-3002_ЗКЛ_8846];[Проходной_кран];[o];[i];
[Т-3002_ЗКЛ_8857];[Проходной_кран];[o];[i];
[Т-3002_ЗКЛ_8870];[Проходной_кран];[o];[i];
[Т-3002_ЗКЛ_8957];[Проходной_кран];[i];[o];
[Т-3002_ЗКЛ_9016];[Проходной_кран];[o];[i];
[Т-3002_ЗКЛ_9039];[Проходной_кран];[i];[o];
[Т-3002_ЗКЛ_9080];[Проходной_кран];[o];[i];
[Т-3002_ЗКЛ_9129];[Проходной_кран];[o];[i];
[Т-3002_ЗКЛ_9140];[Проходной_кран];[o];[i];
[Т-3002_ЗКЛ_9157];[Проходной_кран];[i];[o];
[Т-3002_ЗКЛ_9276];[Проходной_кран];[o];[i];
[Т-3002_ЗКЛ_9317];[Проходной_кран];[i];[o];
[Т-3002_ЗКЛ_9435];[Проходной_кран];[o];[i];
[Т-3002_ЗКЛ_9476];[Проходной_кран];[o];[i];
[Т-3002_ЗКЛ_9487];[Проходной_кран];[o];[i];
[Т-3002_ЗКЛ_9642];[Проходной_кран];[o];[i];
[Т-3002_ЗКЛ_9655];[Проходной_кран];[o];[i];
[Т-3002_ЗКЛ_ЗАГЛ_НЗ_8466];[Задвижка_с_заглушкой_НЗ];[i];[o];
[Т-3002_ЗКЛ_ЗАГЛ_НЗ_8532];[Задвижка_с_заглушкой_НЗ];[i];[o];
[Т-3002_ЗКЛ_ЗАГЛ_НЗ_8765];[Задвижка_с_заглушкой_НЗ];[i];[o];
[Т-3002_ЗКЛ_ЗАГЛ_НЗ_9004];[Задвижка_с_заглушкой_НЗ];[i];[o];
[Т-3002_ЗКЛ_ЗАГЛ_НЗ_9243];[Задвижка_с_заглушкой_НЗ];[o];[i];
[Т-3002_ЗКЛ_ЗАГЛ_НЗ_9345];[Задвижка_с_заглушкой_НЗ];[i];[o];
[Т-3002_ЗКЛ_ЗАГЛ_НЗ_9396];[Задвижка_с_заглушкой_НЗ];[i];[o];
[Т-3002_ЗКЛ_ЗАГЛ_НО_8550];[Задвижка_с_заглушкой_НО];[i];[o];
[Т-3002_ЗКЛ_ЗАГЛ_НО_8850];[Задвижка_с_заглушкой_НО];[o];[i];
[Т-3002_ЗКЛ_ЗАГЛ_НО_8968];[Задвижка_с_заглушкой_НО];[o];[i];
[Т-3002_ЗКЛ_ЗАГЛ_НО_9050];[Задвижка_с_заглушкой_НО];[i];[o];
[Т-3002_ЗКЛ_ЗАГЛ_НО_9063];[Задвижка_с_заглушкой_НО];[i];[o];
[Т-3002_ЗКЛ_ЗАГЛ_НО_9246];[Задвижка_с_заглушкой_НО];[i];[o];
[Т-3002_ЗКЛ_ЗАГЛ_НО_9259];[Задвижка_с_заглушкой_НО];[o];[i];
[Т-3002_ЗКЛ_ЗАГЛ_НО_9405];[Задвижка_с_заглушкой_НО];[i];[o];
[Т-3002_ЗКЛ_ЗАГЛ_НО_9418];[Задвижка_с_заглушкой_НО];[i];[o];
[Т-3002_Канализация_8664];[Канализация];[i];
[Т-3002_Конд_8659];[Конденсатоотводчик];[i];[o];
[Т-3002_Конд_8684];[Конденсатоотводчик];[i];[o];
[Т-3002_ОК_8571];[Обратный_клапан];[o];[i];
[Т-3002_ОК_8716];[Обратный_клапан];[o];[i];
[Т-3002_ОК_8852];[Обратный_клапан];[o];[i];
[Т-3002_ОК_8874];[Обратный_клапан];[o];[i];
[Т-3002_ОК_8907];[Обратный_клапан];[o];[i];
[Т-3002_ОК_8932];[Обратный_клапан];[o];[i];
[Т-3002_ОК_9213];[Обратный_клапан];[i];[o];
[Т-3002_ОК_9373];[Обратный_клапан];[i];[o];
[Т-3002_ОК_9659];[Обратный_клапан];[o];[i];
[Т-3002_Ф_9609];[Фильтр];[i];[o];
[Т-3002_Ф_9616];[Фильтр];[o];[i];
[Т-3002_Ф_9623];[Фильтр];[i];[o];
[Т-3002_Ф_9633];[Фильтр];[i];[o];
[Т-3002_ШК_8630];[Шаровой_кран];[o];[i];
[Т-3002_ШК_8700];[Шаровой_кран];[i];[o];
[Т-3002_ШК_8731];[Шаровой_кран];[o];[i];
[Т-3002_ШК_8903];[Шаровой_кран];[o];[i];
[Т-3002_ШК_8927];[Шаровой_кран];[o];[i];
[Т-3002_ШК_9209];[Шаровой_кран];[i];[o];
[Т-3002_ШК_9369];[Шаровой_кран];[i];[o];
[Циркуляционное орошение от P-3004A/S в E-3004];[IO];[i];
[Циркуляционное орошение от T-3001 к Р-3004А/S];[IO];[o];
##########;
[Т-3002_8360];[Пары газойля из стриппинга Т-3002 в T-3001][i];[Т-3002_ЗАГЛ_НО_9524][o];
[Т-3002_8361];[Газойль в Т-3002 от T-3001][o];[T041][1];
[Т-3002_8364];[Дренаж в V-3023][i_Т-3002_1];[Т-3002_ЗКЛ_ЗАГЛ_НЗ_8466][i];
[Т-3002_8367];[Газойль от Р-3005А/S][i];[S_30AM3002_1][2];
[Т-3002_8370];[Дренаж в V-3024][i_Т-3002_2];[Т-3002_ЗКЛ_ЗАГЛ_НЗ_8532][i];
[Т-3002_8373];[Циркуляционное орошение от T-3001 к Р-3004А/S][o];[HV-027][i];
[Т-3002_8376];[Линия аварийной откачки от P-3005A/S][i];[HV-107][o];
[Т-3002_8379];[Дренаж в V-3024][i_Т-3002_3];[Т-3002_ЗКЛ_ЗАГЛ_НЗ_9004][i];
[Т-3002_8382];[Пар СД от Т-3002 в Х-3001][i];[Т-3002_ШК_8630][o];
[Т-3002_8385];[Пар СД к аппаратам][o_Т-3002_4];[F029][3];
[Т-3002_8388];[Конденсат СД от Т-3002 в коллектор][i];[Т-3002_ДР_8723][i];[Т-3002_ОК_8716][o];
[Т-3002_8391];[Дренаж в V-3024][i_Т-3002_5];[Т-3002_ЗКЛ_ЗАГЛ_НЗ_8765][i];
[Т-3002_8394];[HV-095][o];[Циркуляционное орошение от P-3004A/S в E-3004][i];
[Т-3002_8397];[Дренаж в V-3024][i_Т-3002_6];[Т-3002_ЗКЛ_ЗАГЛ_НЗ_9396][i];
[Т-3002_8400];[Дренаж в V-3024][i_Т-3002_7];[Т-3002_ЗКЛ_ЗАГЛ_НЗ_9345][i];
[Т-3002_8433];[Т-3002][o_1];[Т-3002_ЗАГЛ_НО_9524][i];[Т-3002_ДР_8437][i];
[Т-3002_8449];[Т-3002_ЗАГЛ_НО_9518][o];[Т-3002][i_1];
[Т-3002_8456];[Т-3002_ЗКЛ_8452][o];[Т-3002_ДР_8459][i];[Т-3002_ЗКЛ_ЗАГЛ_НЗ_8466][o];
[Т-3002_8478];[T041][4];[Т-3002_ЗКЛ_8452][i];[Т-3002_ЗАГЛ_НО_9518][i];
[Т-3002_8514];[FV-030][i];[F030][5];
[Т-3002_8518];[FV-030][o];[Т-3002_ЗКЛ_8520][i];[S_30AM3002_4][6];
[Т-3002_8531];[Т-3002_ДР_8526][i];[Т-3002_ЗКЛ_8520][o];[Т-3002_ЗКЛ_ЗАГЛ_НЗ_8532][o];
[Т-3002_8560];[PG-044][7];[Т-3002][i_9];
[Т-3002_8568];[Т-3002_ДР_8563][i];[Т-3002_ЗКЛ_ЗАГЛ_НО_8550][i];[Т-3002_ОК_8571][o];
[Т-3002_8576];[Т-3002_ДР_8610][i];[FV-029][i];[F029][8];[Т-3002_ДР_8672][i];[Т-3002_ШК_8700][i];[Т-3002_ЗКЛ_8678][i];
[Т-3002_8615];[Т-3002_ОК_8571][i];[FV-029][o];[Т-3002_ЗКЛ_8626][i];[Т-3002_ДР_8638][i];[Т-3002_ЗКЛ_8645][i];
[Т-3002_8634];[Т-3002_ЗКЛ_8626][o];[Т-3002_ШК_8630][i];
[Т-3002_8656];[Т-3002_ЗКЛ_8645][o];[Т-3002_ДР_8651][i];[Т-3002_Конд_8659][i];
[Т-3002_8668];[Т-3002_Конд_8659][o];[Т-3002_Канализация_8664][i];
[Т-3002_8709];[Т-3002_ЗКЛ_8678][o];[Т-3002_Конд_8684][i];
[Т-3002_8710];[Т-3002_Конд_8684][o];[Т-3002_ДР_8695][i];[Т-3002_ЗКЛ_8689][i];
[Т-3002_8713];[Т-3002_ЗКЛ_8689][o];[Т-3002_ШК_8700][o];[Т-3002_ОК_8716][i];
[Т-3002_8730];[Т-3002_ЗКЛ_8618][o];[Т-3002][i_9A];
[Т-3002_8735];[Т-3002_ЗКЛ_8618][i];[Т-3002_ШК_8731][o];
[Т-3002_8736];[Т-3002_ШК_8731][i];[Пар НД к аппаратам][o_Т-3002_8];
[Т-3002_8743];[Т-3002_ЗАГЛ_НО_9544][o];[XV-030][i];
[Т-3002_8744];[Т-3002][o_9];[Т-3002_ЗАГЛ_НО_9544][i];[Т-3002_ЗКЛ_8751][i];
[Т-3002_8762];[Т-3002_ДР_8757][i];[Т-3002_ЗКЛ_8751][o];[Т-3002_ЗКЛ_ЗАГЛ_НЗ_8765][o];
[Т-3002_8786];[Т-3002_ЗКЛ_8782][i];[PG-038][9];[Р-3004A][o];
[Т-3002_8787];[Т-3002_ЗКЛ_8782][o];[Т-3002_ЗКЛ_9129][o];[Т-3002_ЗКЛ_9016][o];[Т-3002_ЗКЛ_ЗАГЛ_НЗ_9004][o];[Т-3002_ДР_8999][i];
[Т-3002_8795];[Р-3004A][i];[PG-036][10];
[Т-3002_8796];[Т-3002_Ф_9609][i];[Т-3002_ДР_9029][i];[Т-3002_ЗКЛ_ЗАГЛ_НО_8850][o];[Т-3002_ЗКЛ_9016][i];
[Т-3002_8806];[Т-3002_ДР_8801][i];[Т-3002_ШК_8903][o];[Т-3002_ОК_8907][o];[Т-3002_ЗКЛ_9129][i];[Т-3002_ЗКЛ_8957][i];[Т-3002_ЗКЛ_8857][o];[Т-3002_ЗКЛ_ЗАГЛ_НО_8968][o];
[Т-3002_8810];[Т-3002_ЗКЛ_ЗАГЛ_НО_8968][i];[HV-095][i];[Т-3002_ЗКЛ_ЗАГЛ_НО_9050][i];
[Т-3002_8822];[Т-3002_ЗКЛ_8818][i];[PG-039][11];[Р-3004S][o];
[Т-3002_8823];[Т-3002_ЗКЛ_8818][o];[Т-3002_ЗКЛ_9080][o];[Т-3002_ЗКЛ_ЗАГЛ_НЗ_9243][o];[Т-3002_ДР_9238][i];[Т-3002_ЗКЛ_9140][o];
[Т-3002_8831];[Р-3004S][i];[PG-037][12];
[Т-3002_8832];[PG-037][13];[Т-3002_Ф_9616][o];
[Т-3002_8844];[Т-3002_ДР_8839][i];[Т-3002_ЗКЛ_8833][i];[Т-3002_ОК_8852][o];
[Т-3002_8868];[Т-3002_ДР_8863][i];[Т-3002_ЗКЛ_8857][i];[Т-3002_ОК_8874][o];
[Т-3002_8879];[Т-3002_ЗКЛ_8870][o];[Т-3002_ОК_8874][i];
[Т-3002_8884];[Т-3002_ЗКЛ_8870][i];[Промывная жидкость от V-3020][o_Т-3002_9];
[Т-3002_8891];[Т-3002_ЗКЛ_8846][o];[Т-3002_ОК_8852][i];
[Т-3002_8895];[Т-3002_ЗКЛ_9039][i];[Т-3002_ЗКЛ_8833][o];[Т-3002_ШК_8927][o];[Т-3002_ДР_9104][i];[Т-3002_ОК_8932][o];[Т-3002_ЗКЛ_9140][i];[Т-3002_ЗКЛ_ЗАГЛ_НО_9050][o];
[Т-3002_8896];[Т-3002_ЗКЛ_8846][i];[Промывная жидкость от V-3020][o_Т-3002_10];
[Т-3002_8900];[PG-038][14];[Т-3002_ШК_8903][i];[Т-3002_ОК_8907][i];[Т-3002_ЗКЛ_8957][o];
[Т-3002_8924];[PG-039][15];[Т-3002_ШК_8927][i];[Т-3002_ОК_8932][i];[Т-3002_ЗКЛ_9039][o];
[Т-3002_8981];[HV-027][o];[L010][16];
[Т-3002_8990];[Т-3002_ЗКЛ_ЗАГЛ_НО_8850][i];[L010][17];[Т-3002_ЗКЛ_ЗАГЛ_НО_9063][i];
[Т-3002_9076];[Т-3002_ЗКЛ_ЗАГЛ_НО_9063][o];[Т-3002_ЗКЛ_9080][i];[Т-3002_ДР_9093][i];[Т-3002_Ф_9616][i];
[Т-3002_9118];[Т-3002_ЗКЛ_ЗАГЛ_НЗ_9243][i];[Дренаж в V-3024][i_Т-3002_11];
[Т-3002_9161];[Т-3002_ЗКЛ_9157][i];[PG-042][18];[Р-3005A][o];
[Т-3002_9162];[Т-3002_ЗКЛ_9157][o];[Т-3002_ЗКЛ_9276][o];[Т-3002_ЗКЛ_9476][o];[Т-3002_ЗКЛ_ЗАГЛ_НЗ_9345][o];[Т-3002_ДР_9340][i];
[Т-3002_9170];[Р-3005A][i];[PG-040][19];
[Т-3002_9171];[Т-3002_Ф_9623][i];[Т-3002_ДР_9289][i];[Т-3002_ЗКЛ_ЗАГЛ_НО_9259][o];[Т-3002_ЗКЛ_9276][i];
[Т-3002_9178];[Т-3002_ЗКЛ_9642][o];[XV-030][o];[Т-3002_ЗКЛ_ЗАГЛ_НО_9259][i];[Т-3002_ЗКЛ_ЗАГЛ_НО_9418][i];
[Т-3002_9187];[HV-107][i];[Т-3002_ЗКЛ_ЗАГЛ_НО_9246][i];[Т-3002_ЗКЛ_ЗАГЛ_НО_9405][i];[XV-096][i];
[Т-3002_9189];[F030][20];[XV-096][o];
[Т-3002_9206];[PG-042][21];[Т-3002_ШК_9209][i];[Т-3002_ОК_9213][i];
[Т-3002_9222];[Т-3002_ШК_9209][o];[Т-3002_ОК_9213][o];[Т-3002_ЗКЛ_ЗАГЛ_НО_9246][o];[Т-3002_ЗКЛ_9476][i];[Т-3002_ДР_9300][i];
[Т-3002_9321];[Т-3002_ЗКЛ_9317][i];[Р-3005S][o];[PG-043][22];
[Т-3002_9322];[Т-3002_ЗКЛ_9317][o];[Т-3002_ЗКЛ_9487][o];[Т-3002_ЗКЛ_ЗАГЛ_НЗ_9396][o];[Т-3002_ДР_9391][i];[Т-3002_ЗКЛ_9435][o];
[Т-3002_9330];[Р-3005S][i];[PG-041][23];
[Т-3002_9331];[Т-3002_Ф_9633][i];[Т-3002_ДР_9448][i];[Т-3002_ЗКЛ_ЗАГЛ_НО_9418][o];[Т-3002_ЗКЛ_9435][i];
[Т-3002_9366];[PG-043][24];[Т-3002_ШК_9369][i];[Т-3002_ОК_9373][i];
[Т-3002_9385];[Т-3002_ЗКЛ_ЗАГЛ_НО_9405][o];[Т-3002_ЗКЛ_9487][i];[Т-3002_ОК_9373][o];[Т-3002_ДР_9459][i];[Т-3002_ШК_9369][o];
[Т-3002_9591];[PG-044][25];[Т-3002_ЗКЛ_ЗАГЛ_НО_8550][o];
[Т-3002_9600];[Р-3004A][o_motor];[Изм_Р-3004A][i_motor];
[Т-3002_9602];[Р-3004S][o_motor];[Изм_Р-3004S][i_motor];
[Т-3002_9605];[Р-3005A][o_motor];[Изм_Р-3005A][i_motor];
[Т-3002_9608];[Р-3005S][o_motor];[Изм_Р-3005S][i_motor];
[Т-3002_9615];[Т-3002_Ф_9609][o];[PG-036][26];
[Т-3002_9629];[PG-040][27];[Т-3002_Ф_9623][o];
[Т-3002_9639];[PG-041][28];[Т-3002_Ф_9633][o];
[Т-3002_9653];[Т-3002_ДР_9648][i];[Т-3002_ЗКЛ_9642][i];[Т-3002_ОК_9659][o];
[Т-3002_9664];[Т-3002_ЗКЛ_9655][o];[Т-3002_ОК_9659][i];
[Т-3002_9667];[Т-3002_ЗКЛ_9655][i];[Промывная жидкость от V-3020][o_Т-3002_12];
[Т-3002_9703];[S_30AM3002_4][29];[S_30AM3002_3][30];
[Т-3002_9705];[S_30AM3002_3][31];[S_30AM3002_1][32];
