[_PG-1053];[МД];
[_PG-1055];[МД];
[_PG-1057];[МД];
[_PG-1059];[МД];
[_PG-1162];[МД];
[_PG-1164];[МД];
[_PG-1166];[МД];
[_PG-1168];[МД];
[_PG-435];[МД];
[_PG-437];[МД];
[_PG-439];[МД];
[_PG-441];[МД];
[_PG-908];[МД];
[_PG-909];[МД];
[_PG-914];[МД];
[_TG-915];[МД];
[_TG-916];[МД];
[_TG-917];[МД];
[_TG-918];[МД];
[F061];[Датчик];[1];[2];
[F062];[Датчик];[9];[14];
[F901A];[Датчик];[25];[31];
[F901B];[Датчик];[15];[29];
[F902];[Датчик];[51];[52];
[F904];[Датчик];[36];[37];
[FO-023];[Дроссельная_шайба];[i];[o];
[P134];[Датчик];[5];[6];
[P135];[Датчик];[10];[11];
[P910];[Датчик];[20];[21];
[P915];[Датчик];[49];[50];
[P916];[Датчик];[57];[58];
[P917];[Датчик];[55];[78];
[P919];[Датчик];[56];[77];
[P952];[Датчик];[64];[65];
[PCV-951];[Редуктор];[i];[o];
[PD913];[Датчик];[22];[41];
[PD923];[Датчик];[47];[48];
[PDV-913];[Клапан в сборке];[i];[o];
[PG-1053];[Датчик];[59];[73];
[PG-1055];[Датчик];[60];[72];
[PG-1057];[Датчик];[61];[71];
[PG-1059];[Датчик];[62];[63];
[PG-1162];[Датчик];[66];[74];
[PG-1164];[Датчик];[67];[75];
[PG-1166];[Датчик];[68];[76];
[PG-1168];[Датчик];[69];[70];
[PG-435];[Датчик];[32];[46];
[PG-437];[Датчик];[33];[45];
[PG-439];[Датчик];[34];[44];
[PG-441];[Датчик];[35];[43];
[PG-908];[Датчик];[27];[28];
[PG-909];[Датчик];[8];[30];
[PG-914];[Датчик];[39];[40];
[PV-910];[Клапан в сборке];[i];[o];
[PV-916];[Клапан];[i];[o];
[PV-952];[Клапан];[i];[o];
[T130];[Датчик];[3];[4];
[T131];[Датчик];[12];[13];
[T919];[Датчик];[16];[17];
[T920];[Датчик];[53];[54];
[TG-915];[Датчик];[7];[26];
[TG-916];[Датчик];[23];[24];
[TG-917];[Датчик];[18];[19];
[TG-918];[Датчик];[38];[42];
[TSV-941];[Предохранительный_клапан];[i];[o];
[XV-904];[Отсекатель];[i];[o];
[XV-905];[Отсекатель];[o];[i];
[XV-906];[Отсекатель];[i];[o];
[XV-907];[Отсекатель];[i];[o];
[XV-908];[Отсекатель];[o];[i];
[XV-909];[Отсекатель];[i];[o];
[XV-910];[Отсекатель];[o];[i];
[XV-911];[Отсекатель];[o];[i];
[Азот];[Коллектор];[o_Топливо_Н-3001_3];
[Воздух от E-3008 к H-3001];[IO];[o];
[Дренаж в V-3027];[Коллектор];[i_Топливо_Н-3001_5];
[Жидкое топливо обратное];[IO];[i];
[Жидкое топливо прямое];[IO];[o];
[Н-3001];[Печь_4_горелки];
[Н-3001];[Печь_4_горелки];[in_mazut_1];[in_mazut_2];[in_mazut_3];[in_mazut_4];[in_steam_1];[in_air_1];[in_topgas_1];[in_pilot_1];[in_air_4];[in_air_3];[in_air_2];[in_steam_2];[in_steam_3];[in_steam_4];[in_topgas_2];[in_topgas_3];[in_topgas_4];[in_pilot_4];[in_pilot_3];[in_pilot_2];
[Н-3001];[Печь_4_горелки];
[Н-3001];[Печь_4_горелки];
[Пар СД к аппаратам];[Коллектор];[o_Топливо_Н-3001_1];[o_Топливо_Н-3001_2];
[Пар СД к аппаратам];[Коллектор];
[Топливный газ от V-3017 к H-3001];[IO];[o];
[Топливо_Н-3001_Атм_1241];[Атмосфера];[i];
[Топливо_Н-3001_ДЗ_1066];[Дисковый_затвор];[i];[o];
[Топливо_Н-3001_ДЗ_1073];[Дисковый_затвор];[i];[o];
[Топливо_Н-3001_ДЗ_1080];[Дисковый_затвор];[i];[o];
[Топливо_Н-3001_ДЗ_1087];[Дисковый_затвор];[i];[o];
[Топливо_Н-3001_ДЗ_1175];[Дисковый_затвор];[i];[o];
[Топливо_Н-3001_ДЗ_1182];[Дисковый_затвор];[i];[o];
[Топливо_Н-3001_ДЗ_1189];[Дисковый_затвор];[i];[o];
[Топливо_Н-3001_ДЗ_1196];[Дисковый_затвор];[i];[o];
[Топливо_Н-3001_ДР_114];[Дренаж];[i];
[Топливо_Н-3001_ДР_1261];[Дренаж];[i];
[Топливо_Н-3001_ДР_1383];[Дренаж];[i];
[Топливо_Н-3001_ДР_163];[Дренаж];[i];
[Топливо_Н-3001_ДР_168];[Дренаж];[i];
[Топливо_Н-3001_ДР_17];[Дренаж];[i];
[Топливо_Н-3001_ДР_200];[Дренаж];[i];
[Топливо_Н-3001_ДР_216];[Дренаж];[i];
[Топливо_Н-3001_ДР_22];[Дренаж];[i];
[Топливо_Н-3001_ДР_247];[Дренаж];[i];
[Топливо_Н-3001_ДР_283];[Дренаж];[i];
[Топливо_Н-3001_ДР_315];[Дренаж];[i];
[Топливо_Н-3001_ДР_368];[Дренаж];[i];
[Топливо_Н-3001_ДР_475];[Дренаж];[i];
[Топливо_Н-3001_ДР_683];[Дренаж];[i];
[Топливо_Н-3001_ДР_688];[Дренаж];[i];
[Топливо_Н-3001_ДР_76];[Дренаж];[i];
[Топливо_Н-3001_ДР_807];[Дренаж];[i];
[Топливо_Н-3001_ДР_849];[Дренаж];[i];
[Топливо_Н-3001_ДР_967];[Дренаж];[i];
[Топливо_Н-3001_ДР_978];[Дренаж];[i];
[Топливо_Н-3001_ЗКЛ_103];[Проходной_кран];[i];[o];
[Топливо_Н-3001_ЗКЛ_1249];[Проходной_кран];[i];[o];
[Топливо_Н-3001_ЗКЛ_1253];[Проходной_кран];[i];[o];
[Топливо_Н-3001_ЗКЛ_1271];[Проходной_кран];[i];[o];
[Топливо_Н-3001_ЗКЛ_1358];[Проходной_кран];[o];[i];
[Топливо_Н-3001_ЗКЛ_1375];[Проходной_кран];[i];[o];
[Топливо_Н-3001_ЗКЛ_1379];[Проходной_кран];[o];[i];
[Топливо_Н-3001_ЗКЛ_540];[Проходной_кран];[i];[o];
[Топливо_Н-3001_ЗКЛ_551];[Проходной_кран];[i];[o];
[Топливо_Н-3001_ЗКЛ_561];[Проходной_кран];[i];[o];
[Топливо_Н-3001_ЗКЛ_571];[Проходной_кран];[i];[o];
[Топливо_Н-3001_ЗКЛ_607];[Проходной_кран];[i];[o];
[Топливо_Н-3001_ЗКЛ_611];[Проходной_кран];[i];[o];
[Топливо_Н-3001_ЗКЛ_615];[Проходной_кран];[i];[o];
[Топливо_Н-3001_ЗКЛ_619];[Проходной_кран];[i];[o];
[Топливо_Н-3001_ЗКЛ_637];[Проходной_кран];[o];[i];
[Топливо_Н-3001_ЗКЛ_651];[Проходной_кран];[i];[o];
[Топливо_Н-3001_ЗКЛ_655];[Проходной_кран];[i];[o];
[Топливо_Н-3001_ЗКЛ_67];[Проходной_кран];[i];[o];
[Топливо_Н-3001_ЗКЛ_675];[Проходной_кран];[o];[i];
[Топливо_Н-3001_ЗКЛ_679];[Проходной_кран];[o];[i];
[Топливо_Н-3001_ЗКЛ_761];[Проходной_кран];[i];[o];
[Топливо_Н-3001_ЗКЛ_770];[Проходной_кран];[i];[o];
[Топливо_Н-3001_ЗКЛ_774];[Проходной_кран];[i];[o];
[Топливо_Н-3001_ЗКЛ_778];[Проходной_кран];[i];[o];
[Топливо_Н-3001_ЗКЛ_794];[Проходной_кран];[i];[o];
[Топливо_Н-3001_ЗКЛ_836];[Проходной_кран];[i];[o];
[Топливо_Н-3001_ЗКЛ_944];[Проходной_кран];[i];[o];
[Топливо_Н-3001_ЗКЛ_957];[Проходной_кран];[o];[i];
[Топливо_Н-3001_ЗКЛ_963];[Проходной_кран];[o];[i];
[Топливо_Н-3001_ЗКЛ_972];[Проходной_кран];[i];[o];
[Топливо_Н-3001_ЗКЛ_ЗАГЛ_НЗ_119];[Задвижка_с_заглушкой_НЗ];[i];[o];
[Топливо_Н-3001_ЗКЛ_ЗАГЛ_НЗ_1208];[Задвижка_с_заглушкой_НЗ];[o];[i];
[Топливо_Н-3001_ЗКЛ_ЗАГЛ_НЗ_1219];[Задвижка_с_заглушкой_НЗ];[o];[i];
[Топливо_Н-3001_ЗКЛ_ЗАГЛ_НЗ_823];[Задвижка_с_заглушкой_НЗ];[o];[i];
[Топливо_Н-3001_ЗКЛ_ЗАГЛ_НЗ_83];[Задвижка_с_заглушкой_НЗ];[o];[i];
[Топливо_Н-3001_ЗКЛ_ЗАГЛ_НЗ_855];[Задвижка_с_заглушкой_НЗ];[o];[i];
[Топливо_Н-3001_ЗКЛ_ЗАГЛ_НО_153];[Задвижка_с_заглушкой_НО];[i];[o];
[Топливо_Н-3001_ЗКЛ_ЗАГЛ_НО_189];[Задвижка_с_заглушкой_НО];[i];[o];
[Топливо_Н-3001_ЗКЛ_ЗАГЛ_НО_37];[Задвижка_с_заглушкой_НО];[i];[o];
[Топливо_Н-3001_ЗКЛ_ЗАГЛ_НО_7];[Задвижка_с_заглушкой_НО];[i];[o];
[Топливо_Н-3001_ОК_107];[Обратный_клапан];[i];[o];
[Топливо_Н-3001_ОК_1266];[Обратный_клапан];[i];[o];
[Топливо_Н-3001_ОК_209];[Обратный_клапан];[i];[o];
[Топливо_Н-3001_ОК_231];[Обратный_клапан];[i];[o];
[Топливо_Н-3001_ОК_490];[Обратный_клапан];[i];[o];
[Топливо_Н-3001_ОК_535];[Обратный_клапан];[o];[i];
[Топливо_Н-3001_ОК_546];[Обратный_клапан];[i];[o];
[Топливо_Н-3001_ОК_556];[Обратный_клапан];[i];[o];
[Топливо_Н-3001_ОК_566];[Обратный_клапан];[i];[o];
[Топливо_Н-3001_ОК_62];[Обратный_клапан];[i];[o];
[Топливо_Н-3001_ОК_798];[Обратный_клапан];[i];[o];
[Топливо_Н-3001_ОК_840];[Обратный_клапан];[i];[o];
[Топливо_Н-3001_Ф_659];[Фильтр];[i];[o];
[Топливо_Н-3001_Ф_665];[Фильтр];[i];[o];
[Топливо_Н-3001_ШК_1112];[Шаровой_кран];[i];[o];
[Топливо_Н-3001_ШК_343];[Шаровой_кран];[o];[i];
[Топливо_Н-3001_ШК_392];[Шаровой_кран];[i];[o];
[Топливо_Н-3001_ШК_396];[Шаровой_кран];[i];[o];
[Топливо_Н-3001_ШК_400];[Шаровой_кран];[i];[o];
[Топливо_Н-3001_ШК_404];[Шаровой_кран];[i];[o];
[Топливо_Н-3001_ШК_953];[Шаровой_кран];[i];[o];
[Факельный углеводородный газ];[Коллектор];[i_Топливо_Н-3001_4];
##########;
[Топливо_Н-3001_47];[Жидкое топливо прямое][o];[Топливо_Н-3001_ДР_17][i];[Топливо_Н-3001_ЗКЛ_ЗАГЛ_НО_7][i];
[Топливо_Н-3001_50];[Топливо_Н-3001_ЗКЛ_ЗАГЛ_НО_7][o];[Топливо_Н-3001_ДР_22][i];[F061][1];
[Топливо_Н-3001_53];[F061][2];[T130][3];
[Топливо_Н-3001_54];[T130][4];[P134][5];
[Топливо_Н-3001_55];[P134][6];[FO-023][i];[Топливо_Н-3001_ЗКЛ_ЗАГЛ_НО_37][i];
[Топливо_Н-3001_71];[Пар СД к аппаратам][o_Топливо_Н-3001_1];[Топливо_Н-3001_ЗКЛ_67][i];[Топливо_Н-3001_ЗКЛ_103][i];
[Топливо_Н-3001_73];[Топливо_Н-3001_ЗКЛ_67][o];[Топливо_Н-3001_ОК_62][i];
[Топливо_Н-3001_81];[Топливо_Н-3001_ОК_62][o];[Топливо_Н-3001_ДР_76][i];[Топливо_Н-3001_ЗКЛ_ЗАГЛ_НЗ_83][o];
[Топливо_Н-3001_139];[Топливо_Н-3001_ЗКЛ_ЗАГЛ_НО_37][o];[Топливо_Н-3001_ДР_216][i];[Топливо_Н-3001_ЗКЛ_ЗАГЛ_НЗ_119][i];[TG-915][7];
[Топливо_Н-3001_142];[Топливо_Н-3001_ЗКЛ_103][o];[Топливо_Н-3001_ОК_107][i];
[Топливо_Н-3001_143];[Топливо_Н-3001_ОК_107][o];[Топливо_Н-3001_ДР_114][i];[Топливо_Н-3001_ЗКЛ_ЗАГЛ_НЗ_119][o];
[Топливо_Н-3001_146];[Топливо_Н-3001_ЗКЛ_ЗАГЛ_НЗ_83][i];[Топливо_Н-3001_ОК_209][i];[PG-909][8];
[Топливо_Н-3001_147];[Топливо_Н-3001_ЗКЛ_1358][o];[F062][9];[Топливо_Н-3001_ЗКЛ_ЗАГЛ_НО_189][i];
[Топливо_Н-3001_179];[Жидкое топливо обратное][i];[Топливо_Н-3001_ДР_163][i];[Топливо_Н-3001_ЗКЛ_ЗАГЛ_НО_153][i];
[Топливо_Н-3001_182];[Топливо_Н-3001_ЗКЛ_ЗАГЛ_НО_153][o];[Топливо_Н-3001_ДР_168][i];[P135][10];
[Топливо_Н-3001_185];[P135][11];[T131][12];
[Топливо_Н-3001_186];[T131][13];[F062][14];
[Топливо_Н-3001_207];[Топливо_Н-3001_ЗКЛ_ЗАГЛ_НО_189][o];[Топливо_Н-3001_ДР_200][i];[Топливо_Н-3001_ОК_209][o];
[Топливо_Н-3001_291];[Топливо_Н-3001_ДР_283][i];[PV-910][i];[F901B][15];
[Топливо_Н-3001_307];[PV-910][o];[T919][16];
[Топливо_Н-3001_308];[T919][17];[TG-917][18];
[Топливо_Н-3001_309];[TG-917][19];[P910][20];
[Топливо_Н-3001_320];[Топливо_Н-3001_ДР_315][i];[P910][21];[PD913][22];[Топливо_Н-3001_ШК_392][i];[Топливо_Н-3001_ШК_396][i];[Топливо_Н-3001_ШК_400][i];[Топливо_Н-3001_ШК_404][i];[TG-916][23];
[Топливо_Н-3001_330];[TG-916][24];[F901A][25];
[Топливо_Н-3001_333];[TG-915][26];[PG-908][27];
[Топливо_Н-3001_335];[PG-908][28];[Топливо_Н-3001_ОК_231][i];
[Топливо_Н-3001_337];[Топливо_Н-3001_ОК_231][o];[Топливо_Н-3001_ДР_247][i];[XV-904][i];
[Топливо_Н-3001_341];[XV-904][o];[F901B][29];
[Топливо_Н-3001_381];[PG-909][30];[Топливо_Н-3001_ДР_368][i];[XV-905][o];
[Топливо_Н-3001_388];[XV-905][i];[TSV-941][i];[Топливо_Н-3001_ШК_343][o];
[Топливо_Н-3001_391];[Топливо_Н-3001_ШК_343][i];[F901A][31];
[Топливо_Н-3001_443];[Топливо_Н-3001_ШК_392][o];[PG-435][32];
[Топливо_Н-3001_444];[Топливо_Н-3001_ШК_396][o];[PG-437][33];
[Топливо_Н-3001_445];[Топливо_Н-3001_ШК_400][o];[PG-439][34];
[Топливо_Н-3001_446];[Топливо_Н-3001_ШК_404][o];[PG-441][35];
[Топливо_Н-3001_452];[Топливо_Н-3001_ДР_475][i];[PDV-913][i];[F904][36];
[Топливо_Н-3001_488];[Пар СД к аппаратам][o_Топливо_Н-3001_2];[F904][37];
[Топливо_Н-3001_495];[PDV-913][o];[Топливо_Н-3001_ОК_490][i];
[Топливо_Н-3001_504];[TG-918][38];[PG-914][39];
[Топливо_Н-3001_512];[PG-914][40];[PD913][41];[Топливо_Н-3001_ЗКЛ_571][i];[Топливо_Н-3001_ЗКЛ_619][i];[Топливо_Н-3001_ЗКЛ_561][i];[Топливо_Н-3001_ЗКЛ_615][i];[Топливо_Н-3001_ЗКЛ_551][i];[Топливо_Н-3001_ЗКЛ_611][i];[Топливо_Н-3001_ЗКЛ_540][i];[Топливо_Н-3001_ЗКЛ_607][i];
[Топливо_Н-3001_517];[TG-918][42];[Топливо_Н-3001_ОК_490][o];
[Топливо_Н-3001_544];[Топливо_Н-3001_ОК_535][o];[PG-441][43];[Н-3001][in_mazut_1];
[Топливо_Н-3001_545];[Топливо_Н-3001_ОК_535][i];[Топливо_Н-3001_ЗКЛ_540][o];
[Топливо_Н-3001_555];[Топливо_Н-3001_ОК_546][i];[Топливо_Н-3001_ЗКЛ_551][o];
[Топливо_Н-3001_565];[Топливо_Н-3001_ОК_556][i];[Топливо_Н-3001_ЗКЛ_561][o];
[Топливо_Н-3001_575];[Топливо_Н-3001_ОК_566][i];[Топливо_Н-3001_ЗКЛ_571][o];
[Топливо_Н-3001_577];[PG-439][44];[Топливо_Н-3001_ОК_546][o];[Н-3001][in_mazut_2];
[Топливо_Н-3001_578];[PG-437][45];[Топливо_Н-3001_ОК_556][o];[Н-3001][in_mazut_3];
[Топливо_Н-3001_579];[PG-435][46];[Топливо_Н-3001_ОК_566][o];[Н-3001][in_mazut_4];
[Топливо_Н-3001_630];[Топливо_Н-3001_ЗКЛ_607][o];[Н-3001][in_steam_1];
[Топливо_Н-3001_645];[PD923][47];[Топливо_Н-3001_ЗКЛ_637][o];[Топливо_Н-3001_ЗКЛ_655][i];[Топливо_Н-3001_ЗКЛ_651][i];
[Топливо_Н-3001_648];[PD923][48];[Топливо_Н-3001_ЗКЛ_675][o];[Топливо_Н-3001_ЗКЛ_679][o];[P915][49];
[Топливо_Н-3001_693];[Топливный газ от V-3017 к H-3001][o];[Топливо_Н-3001_ЗКЛ_637][i];
[Топливо_Н-3001_698];[Топливо_Н-3001_ЗКЛ_651][o];[Топливо_Н-3001_Ф_659][i];
[Топливо_Н-3001_699];[Топливо_Н-3001_ЗКЛ_655][o];[Топливо_Н-3001_Ф_665][i];
[Топливо_Н-3001_700];[Топливо_Н-3001_Ф_665][o];[Топливо_Н-3001_ЗКЛ_679][i];[Топливо_Н-3001_ДР_688][i];
[Топливо_Н-3001_701];[Топливо_Н-3001_Ф_659][o];[Топливо_Н-3001_ДР_683][i];[Топливо_Н-3001_ЗКЛ_675][i];
[Топливо_Н-3001_726];[P915][50];[F902][51];
[Топливо_Н-3001_727];[F902][52];[T920][53];
[Топливо_Н-3001_728];[T920][54];[XV-906][i];[XV-909][i];
[Топливо_Н-3001_749];[XV-906][o];[P917][55];[XV-907][i];
[Топливо_Н-3001_782];[Воздух от E-3008 к H-3001][o];[Топливо_Н-3001_ЗКЛ_761][i];[Топливо_Н-3001_ЗКЛ_770][i];[Топливо_Н-3001_ЗКЛ_774][i];[Топливо_Н-3001_ЗКЛ_778][i];
[Топливо_Н-3001_790];[Топливо_Н-3001_ЗКЛ_761][o];[Н-3001][in_air_1];
[Топливо_Н-3001_793];[Азот][o_Топливо_Н-3001_3];[Топливо_Н-3001_ЗКЛ_794][i];[Топливо_Н-3001_ЗКЛ_836][i];
[Топливо_Н-3001_804];[Топливо_Н-3001_ЗКЛ_794][o];[Топливо_Н-3001_ОК_798][i];
[Топливо_Н-3001_812];[Топливо_Н-3001_ДР_807][i];[Топливо_Н-3001_ЗКЛ_ЗАГЛ_НЗ_823][o];[Топливо_Н-3001_ОК_798][o];
[Топливо_Н-3001_834];[Топливо_Н-3001_ЗКЛ_ЗАГЛ_НЗ_823][i];[XV-908][o];[Топливо_Н-3001_ЗКЛ_944][i];[Топливо_Н-3001_ШК_953][i];[Топливо_Н-3001_ЗКЛ_972][i];
[Топливо_Н-3001_845];[Топливо_Н-3001_ЗКЛ_836][o];[Топливо_Н-3001_ОК_840][i];
[Топливо_Н-3001_854];[Топливо_Н-3001_ДР_849][i];[Топливо_Н-3001_ЗКЛ_ЗАГЛ_НЗ_855][o];[Топливо_Н-3001_ОК_840][o];
[Топливо_Н-3001_868];[Топливо_Н-3001_ЗКЛ_ЗАГЛ_НЗ_855][i];[XV-911][o];[Топливо_Н-3001_ШК_1112][i];[Топливо_Н-3001_ЗКЛ_1375][i];
[Топливо_Н-3001_885];[XV-907][o];[XV-910][o];[Топливо_Н-3001_ЗКЛ_ЗАГЛ_НЗ_1208][o];[Топливо_Н-3001_Атм_1241][i];[Топливо_Н-3001_ЗКЛ_ЗАГЛ_НЗ_1219][o];
[Топливо_Н-3001_889];[XV-909][o];[XV-910][i];[P919][56];
[Топливо_Н-3001_987];[Топливо_Н-3001_ШК_953][o];[Топливо_Н-3001_ЗКЛ_957][o];[Топливо_Н-3001_ЗКЛ_963][o];[P916][57];
[Топливо_Н-3001_988];[Топливо_Н-3001_ЗКЛ_944][o];[PV-916][i];[Топливо_Н-3001_ДР_967][i];
[Топливо_Н-3001_990];[PV-916][o];[Топливо_Н-3001_ЗКЛ_957][i];
[Топливо_Н-3001_993];[Топливо_Н-3001_ДР_978][i];[Топливо_Н-3001_ЗКЛ_972][o];[PCV-951][i];
[Топливо_Н-3001_997];[PCV-951][o];[Топливо_Н-3001_ЗКЛ_963][i];
[Топливо_Н-3001_1035];[Топливо_Н-3001_ДЗ_1087][i];[Топливо_Н-3001_ДЗ_1080][i];[Топливо_Н-3001_ДЗ_1073][i];[Топливо_Н-3001_ДЗ_1066][i];[P916][58];[Топливо_Н-3001_ЗКЛ_ЗАГЛ_НЗ_1208][i];[Топливо_Н-3001_ЗКЛ_1253][i];
[Топливо_Н-3001_1061];[Топливо_Н-3001_ДЗ_1087][o];[PG-1053][59];
[Топливо_Н-3001_1062];[Топливо_Н-3001_ДЗ_1080][o];[PG-1055][60];
[Топливо_Н-3001_1063];[Топливо_Н-3001_ДЗ_1073][o];[PG-1057][61];
[Топливо_Н-3001_1064];[Топливо_Н-3001_ДЗ_1066][o];[PG-1059][62];
[Топливо_Н-3001_1094];[PG-1059][63];[Н-3001][in_topgas_1];
[Топливо_Н-3001_1134];[Топливо_Н-3001_ШК_1112][o];[P952][64];[Топливо_Н-3001_ЗКЛ_1379][o];
[Топливо_Н-3001_1144];[Топливо_Н-3001_ДЗ_1196][i];[Топливо_Н-3001_ДЗ_1189][i];[Топливо_Н-3001_ДЗ_1182][i];[Топливо_Н-3001_ДЗ_1175][i];[P952][65];[Топливо_Н-3001_ЗКЛ_ЗАГЛ_НЗ_1219][i];[Топливо_Н-3001_ЗКЛ_1249][i];
[Топливо_Н-3001_1170];[Топливо_Н-3001_ДЗ_1196][o];[PG-1162][66];
[Топливо_Н-3001_1171];[Топливо_Н-3001_ДЗ_1189][o];[PG-1164][67];
[Топливо_Н-3001_1172];[Топливо_Н-3001_ДЗ_1182][o];[PG-1166][68];
[Топливо_Н-3001_1173];[Топливо_Н-3001_ДЗ_1175][o];[PG-1168][69];
[Топливо_Н-3001_1276];[Топливо_Н-3001_ЗКЛ_1253][o];[Топливо_Н-3001_ЗКЛ_1249][o];[Топливо_Н-3001_ОК_1266][i];
[Топливо_Н-3001_1280];[Топливо_Н-3001_ОК_1266][o];[Топливо_Н-3001_ДР_1261][i];[Топливо_Н-3001_ЗКЛ_1271][i];
[Топливо_Н-3001_1285];[Факельный углеводородный газ][i_Топливо_Н-3001_4];[Топливо_Н-3001_ЗКЛ_1271][o];
[Топливо_Н-3001_1288];[PG-1168][70];[Н-3001][in_pilot_1];
[Топливо_Н-3001_1295];[Топливо_Н-3001_ЗКЛ_778][o];[Н-3001][in_air_4];
[Топливо_Н-3001_1296];[Топливо_Н-3001_ЗКЛ_774][o];[Н-3001][in_air_3];
[Топливо_Н-3001_1297];[Топливо_Н-3001_ЗКЛ_770][o];[Н-3001][in_air_2];
[Топливо_Н-3001_1310];[Топливо_Н-3001_ЗКЛ_611][o];[Н-3001][in_steam_2];
[Топливо_Н-3001_1311];[Топливо_Н-3001_ЗКЛ_615][o];[Н-3001][in_steam_3];
[Топливо_Н-3001_1312];[Топливо_Н-3001_ЗКЛ_619][o];[Н-3001][in_steam_4];
[Топливо_Н-3001_1313];[PG-1057][71];[Н-3001][in_topgas_2];
[Топливо_Н-3001_1314];[PG-1055][72];[Н-3001][in_topgas_3];
[Топливо_Н-3001_1315];[PG-1053][73];[Н-3001][in_topgas_4];
[Топливо_Н-3001_1316];[PG-1162][74];[Н-3001][in_pilot_4];
[Топливо_Н-3001_1317];[PG-1164][75];[Н-3001][in_pilot_3];
[Топливо_Н-3001_1318];[PG-1166][76];[Н-3001][in_pilot_2];
[Топливо_Н-3001_1320];[TSV-941][o];[Дренаж в V-3027][i_Топливо_Н-3001_5];
[Топливо_Н-3001_1362];[Топливо_Н-3001_ЗКЛ_1358][i];[FO-023][o];
[Топливо_Н-3001_1388];[Топливо_Н-3001_ЗКЛ_1375][o];[Топливо_Н-3001_ДР_1383][i];[PV-952][i];
[Топливо_Н-3001_1391];[PV-952][o];[Топливо_Н-3001_ЗКЛ_1379][i];
[Топливо_Н-3001_1402];[P919][77];[XV-911][i];
[Топливо_Н-3001_1405];[P917][78];[XV-908][i];
